Accession	Organism	Kingdom	Sequence length	N-term transmembrane
Q6YN16	Homo sapiens	Metazoa	418	False
Q9UHK6	Homo sapiens	Metazoa	382	False
A3KMH1	Homo sapiens	Metazoa	1905	False
O75874	Homo sapiens	Metazoa	414	False
Q9NTK1	Homo sapiens	Metazoa	212	False
Q9BTZ2	Homo sapiens	Metazoa	278	False
O00628	Homo sapiens	Metazoa	323	False
P50542	Homo sapiens	Metazoa	639	False
Q99489	Homo sapiens	Metazoa	341	False
Q9HCM9	Homo sapiens	Metazoa	518	False
Q13227	Homo sapiens	Metazoa	327	False
P49419	Homo sapiens	Metazoa	539	False
Q9Y3I1	Homo sapiens	Metazoa	522	False
P22736	Homo sapiens	Metazoa	598	False
Q9H773	Homo sapiens	Metazoa	170	False
P14920	Homo sapiens	Metazoa	347	False
O95822	Homo sapiens	Metazoa	493	False
P30044	Homo sapiens	Metazoa	214	False
P07954	Homo sapiens	Metazoa	510	False
P21549	Homo sapiens	Metazoa	392	False
Q9BY49	Homo sapiens	Metazoa	303	False
Q9Y2Q3	Homo sapiens	Metazoa	226	False
Q9UJ83	Homo sapiens	Metazoa	578	False
C9JRZ8	Homo sapiens	Metazoa	316	False
Q15067	Homo sapiens	Metazoa	660	False
Q8N9L9	Homo sapiens	Metazoa	421	False
Q9BXS1	Homo sapiens	Metazoa	227	False
Q6P587	Homo sapiens	Metazoa	221	False
P09110	Homo sapiens	Metazoa	424	False
Q99424	Homo sapiens	Metazoa	681	False
Q9Y4F3	Homo sapiens	Metazoa	1742	False
P36639	Homo sapiens	Metazoa	156	False
O94925	Homo sapiens	Metazoa	669	False
Q02790	Homo sapiens	Metazoa	459	False
P52306	Homo sapiens	Metazoa	607	False
Q8N3J2	Homo sapiens	Metazoa	472	False
O14832	Homo sapiens	Metazoa	338	False
Q2T9J0	Homo sapiens	Metazoa	566	False
Q9NYQ3	Homo sapiens	Metazoa	351	False
Q9P0Z9	Homo sapiens	Metazoa	390	False
Q16595	Homo sapiens	Metazoa	210	False
Q9NR28	Homo sapiens	Metazoa	239	False
Q9UMS0	Homo sapiens	Metazoa	254	False
O43933	Homo sapiens	Metazoa	1283	False
P34913	Homo sapiens	Metazoa	555	False
P00558	Homo sapiens	Metazoa	417	False
Q8IZ52	Homo sapiens	Metazoa	775	True
P59103	Homo sapiens	Metazoa	153	False
P61981	Homo sapiens	Metazoa	247	False
O15297	Homo sapiens	Metazoa	605	False
O60678	Homo sapiens	Metazoa	531	False
O60921	Homo sapiens	Metazoa	280	False
P09884	Homo sapiens	Metazoa	1462	False
P11441	Homo sapiens	Metazoa	157	False
P14678	Homo sapiens	Metazoa	240	False
P62304	Homo sapiens	Metazoa	92	False
P62314	Homo sapiens	Metazoa	119	False
Q504T8	Homo sapiens	Metazoa	468	False
Q8IXP5	Homo sapiens	Metazoa	288	False
Q8N4J0	Homo sapiens	Metazoa	409	False
Q8WUJ0	Homo sapiens	Metazoa	223	False
Q8WUQ7	Homo sapiens	Metazoa	758	False
Q9BVJ7	Homo sapiens	Metazoa	150	False
Q9C0C6	Homo sapiens	Metazoa	399	False
Q9NVP2	Homo sapiens	Metazoa	202	False
Q9Y3C4	Homo sapiens	Metazoa	175	False
Q86WA8	Homo sapiens	Metazoa	852	False
P04040	Homo sapiens	Metazoa	527	False
Q9UJM8	Homo sapiens	Metazoa	370	False
A6ND36	Homo sapiens	Metazoa	823	False
O14802	Homo sapiens	Metazoa	1390	False
O75920	Homo sapiens	Metazoa	110	False
P20941	Homo sapiens	Metazoa	246	False
Q6VN20	Homo sapiens	Metazoa	620	False
Q8TC84	Homo sapiens	Metazoa	345	False
Q99543	Homo sapiens	Metazoa	621	False
Q9GZX7	Homo sapiens	Metazoa	198	False
Q9H0Z9	Homo sapiens	Metazoa	239	False
Q9NTX7	Homo sapiens	Metazoa	359	False
Q9NVM4	Homo sapiens	Metazoa	692	False
Q9UNI6	Homo sapiens	Metazoa	340	False
Q15311	Homo sapiens	Metazoa	655	False
O14641	Homo sapiens	Metazoa	736	False
P55210	Homo sapiens	Metazoa	303	False
P62318	Homo sapiens	Metazoa	126	False
Q13642	Homo sapiens	Metazoa	323	False
Q5VWP3	Homo sapiens	Metazoa	993	False
Q96A61	Homo sapiens	Metazoa	297	False
Q9BQ70	Homo sapiens	Metazoa	676	False
Q9H777	Homo sapiens	Metazoa	363	False
Q9NR19	Homo sapiens	Metazoa	701	False
Q9NVD3	Homo sapiens	Metazoa	440	False
O14734	Homo sapiens	Metazoa	319	False
O75521	Homo sapiens	Metazoa	394	False
Q8IV20	Homo sapiens	Metazoa	430	False
O15516	Homo sapiens	Metazoa	846	False
P62306	Homo sapiens	Metazoa	86	False
Q86TI2	Homo sapiens	Metazoa	863	False
Q8IYM2	Homo sapiens	Metazoa	578	False
Q9NXV2	Homo sapiens	Metazoa	234	False
Q9UK32	Homo sapiens	Metazoa	745	False
O00429	Homo sapiens	Metazoa	736	False
Q9GZY8	Homo sapiens	Metazoa	342	False
A4D2B0	Homo sapiens	Metazoa	266	False
O43324	Homo sapiens	Metazoa	174	False
O43665	Homo sapiens	Metazoa	181	False
O75912	Homo sapiens	Metazoa	1057	False
P12268	Homo sapiens	Metazoa	514	False
P62308	Homo sapiens	Metazoa	76	False
P62316	Homo sapiens	Metazoa	118	False
Q13228	Homo sapiens	Metazoa	472	False
Q16236	Homo sapiens	Metazoa	605	False
Q4J6C6	Homo sapiens	Metazoa	727	False
Q53FT3	Homo sapiens	Metazoa	197	False
Q8IXQ6	Homo sapiens	Metazoa	854	False
Q8WWH5	Homo sapiens	Metazoa	349	False
Q9H790	Homo sapiens	Metazoa	373	False
Q9NW08	Homo sapiens	Metazoa	1133	False
Q969V5	Homo sapiens	Metazoa	352	True
Q7Z434	Homo sapiens	Metazoa	540	False
O14862	Homo sapiens	Metazoa	343	False
Q9Y2G2	Homo sapiens	Metazoa	537	False
Q15046	Homo sapiens	Metazoa	597	False
P13051	Homo sapiens	Metazoa	313	False
P51530	Homo sapiens	Metazoa	1060	False
Q96BP2	Homo sapiens	Metazoa	118	False
Q9H611	Homo sapiens	Metazoa	641	False
Q13315	Homo sapiens	Metazoa	3056	False
P33316	Homo sapiens	Metazoa	252	False
Q13686	Homo sapiens	Metazoa	389	False
Q9NS18	Homo sapiens	Metazoa	164	False
P78549	Homo sapiens	Metazoa	304	False
Q9NXA8	Homo sapiens	Metazoa	310	False
P49916	Homo sapiens	Metazoa	1009	False
Q8TAE8	Homo sapiens	Metazoa	222	False
Q9GZT3	Homo sapiens	Metazoa	109	False
Q02218	Homo sapiens	Metazoa	1023	False
Q7L7V1	Homo sapiens	Metazoa	743	False
Q9HD34	Homo sapiens	Metazoa	91	False
Q9Y606	Homo sapiens	Metazoa	427	False
Q8IW19	Homo sapiens	Metazoa	511	False
Q6NZI2	Homo sapiens	Metazoa	390	False
Q9BQG2	Homo sapiens	Metazoa	462	False
Q49B96	Homo sapiens	Metazoa	90	False
Q9NZH6	Homo sapiens	Metazoa	218	False
O15379	Homo sapiens	Metazoa	428	False
O60260	Homo sapiens	Metazoa	465	False
Q12904	Homo sapiens	Metazoa	312	False
Q9C000	Homo sapiens	Metazoa	1473	False
P54105	Homo sapiens	Metazoa	237	False
P61970	Homo sapiens	Metazoa	127	False
P62266	Homo sapiens	Metazoa	143	False
P01100	Homo sapiens	Metazoa	380	False
Q07098	Arabidopsis thaliana	Viridiplantae	306	False
P56192	Homo sapiens	Metazoa	900	False
P62857	Homo sapiens	Metazoa	69	False
O15160	Homo sapiens	Metazoa	346	False
Q8S944	Arabidopsis thaliana	Viridiplantae	808	False
Q9FWR4	Arabidopsis thaliana	Viridiplantae	213	False
Q6GPH4	Homo sapiens	Metazoa	301	False
Q9BV79	Homo sapiens	Metazoa	373	False
Q9H7Z6	Homo sapiens	Metazoa	458	False
Q15831	Homo sapiens	Metazoa	433	False
Q3MIT2	Homo sapiens	Metazoa	529	False
Q9P286	Homo sapiens	Metazoa	719	False
P09211	Homo sapiens	Metazoa	210	False
P53370	Homo sapiens	Metazoa	316	False
Q14653	Homo sapiens	Metazoa	427	False
Q7Z6Z7	Homo sapiens	Metazoa	4374	False
Q96Q11	Homo sapiens	Metazoa	434	False
Q99717	Homo sapiens	Metazoa	465	False
Q9H1K1	Homo sapiens	Metazoa	167	False
Q9UHV9	Homo sapiens	Metazoa	154	False
Q9UJ68	Homo sapiens	Metazoa	235	False
P52759	Rattus norvegicus	Metazoa	137	False
P70473	Rattus norvegicus	Metazoa	382	False
O95568	Homo sapiens	Metazoa	372	False
P78527	Homo sapiens	Metazoa	4128	False
Q6PI26	Homo sapiens	Metazoa	577	False
Q86US8	Homo sapiens	Metazoa	1419	False
Q92841	Homo sapiens	Metazoa	729	False
O15164	Homo sapiens	Metazoa	1050	False
O94763	Homo sapiens	Metazoa	535	False
P19793	Homo sapiens	Metazoa	462	False
P22314	Homo sapiens	Metazoa	1058	False
P49789	Homo sapiens	Metazoa	147	False
P53778	Homo sapiens	Metazoa	367	False
Q99417	Homo sapiens	Metazoa	103	False
Q99807	Homo sapiens	Metazoa	217	False
Q9NX63	Homo sapiens	Metazoa	227	False
Q9ULZ2	Homo sapiens	Metazoa	295	False
O60829	Homo sapiens	Metazoa	102	False
Q8N6R0	Homo sapiens	Metazoa	699	False
Q9BQ95	Homo sapiens	Metazoa	431	False
Q9NQ88	Homo sapiens	Metazoa	270	False
Q9NQP4	Homo sapiens	Metazoa	134	False
Q9Y4E8	Homo sapiens	Metazoa	981	False
P78537	Homo sapiens	Metazoa	153	False
P62826	Homo sapiens	Metazoa	216	False
Q8NBU5	Homo sapiens	Metazoa	361	True
Q6PIL6	Homo sapiens	Metazoa	250	False
O75897	Homo sapiens	Metazoa	302	False
P17812	Homo sapiens	Metazoa	591	False
P41252	Homo sapiens	Metazoa	1262	False
Q01064	Homo sapiens	Metazoa	536	False
Q0IIM8	Homo sapiens	Metazoa	1120	False
Q0VDF9	Homo sapiens	Metazoa	509	False
Q5VWZ2	Homo sapiens	Metazoa	237	False
Q7L5D6	Homo sapiens	Metazoa	327	False
Q8IVU3	Homo sapiens	Metazoa	1022	False
Q8IWV7	Homo sapiens	Metazoa	1749	False
Q8WTX7	Homo sapiens	Metazoa	329	False
Q93015	Homo sapiens	Metazoa	286	False
Q969F9	Homo sapiens	Metazoa	1004	False
Q96A44	Homo sapiens	Metazoa	273	False
Q96G75	Homo sapiens	Metazoa	393	False
Q99619	Homo sapiens	Metazoa	263	False
Q9NRN7	Homo sapiens	Metazoa	309	False
Q9NUV9	Homo sapiens	Metazoa	329	False
Q9ULE6	Homo sapiens	Metazoa	856	False
Q9Y4U1	Homo sapiens	Metazoa	282	False
Q9NWT8	Homo sapiens	Metazoa	199	False
P35813	Homo sapiens	Metazoa	382	False
Q9Y6X9	Homo sapiens	Metazoa	1032	False
Q13268	Homo sapiens	Metazoa	280	False
Q9Y2S7	Homo sapiens	Metazoa	368	False
O09174	Mus musculus	Metazoa	381	False
P25688	Mus musculus	Metazoa	303	False
Q62651	Rattus norvegicus	Metazoa	327	False
Q8LFT2	Arabidopsis thaliana	Viridiplantae	780	False
P00352	Homo sapiens	Metazoa	501	False
P47897	Homo sapiens	Metazoa	775	False
P52566	Homo sapiens	Metazoa	201	False
P53396	Homo sapiens	Metazoa	1101	False
P55786	Homo sapiens	Metazoa	919	False
P62854	Homo sapiens	Metazoa	115	False
P78417	Homo sapiens	Metazoa	241	False
Q04828	Homo sapiens	Metazoa	323	False
Q13946	Homo sapiens	Metazoa	482	False
Q149M9	Homo sapiens	Metazoa	1564	False
Q6XQN6	Homo sapiens	Metazoa	538	False
Q86TX2	Homo sapiens	Metazoa	421	False
Q8NBF2	Homo sapiens	Metazoa	726	False
Q96DG6	Homo sapiens	Metazoa	245	False
Q9NUS5	Homo sapiens	Metazoa	200	False
Q9UPZ3	Homo sapiens	Metazoa	1129	False
Q9Y3U8	Homo sapiens	Metazoa	105	False
Q9Y572	Homo sapiens	Metazoa	518	False
P09874	Homo sapiens	Metazoa	1014	False
Q96K12	Homo sapiens	Metazoa	515	False
Q9ULZ3	Homo sapiens	Metazoa	195	False
O75381	Homo sapiens	Metazoa	377	False
P28328	Homo sapiens	Metazoa	305	True
Q9UBJ2	Homo sapiens	Metazoa	740	False
O00623	Homo sapiens	Metazoa	359	True
O15228	Homo sapiens	Metazoa	680	False
O60683	Homo sapiens	Metazoa	326	True
P28288	Homo sapiens	Metazoa	659	True
O00463	Homo sapiens	Metazoa	557	False
O43314	Homo sapiens	Metazoa	1243	False
O43739	Homo sapiens	Metazoa	400	False
O75688	Homo sapiens	Metazoa	479	False
O95396	Homo sapiens	Metazoa	460	False
O96033	Homo sapiens	Metazoa	88	False
P00966	Homo sapiens	Metazoa	412	False
P0CG30	Homo sapiens	Metazoa	244	False
P23743	Homo sapiens	Metazoa	735	False
P24386	Homo sapiens	Metazoa	653	False
P35228	Homo sapiens	Metazoa	1153	False
P46778	Homo sapiens	Metazoa	160	False
P49207	Homo sapiens	Metazoa	117	False
P49902	Homo sapiens	Metazoa	561	False
P53004	Homo sapiens	Metazoa	296	False
Q16222	Homo sapiens	Metazoa	522	False
Q5GLZ8	Homo sapiens	Metazoa	1057	False
Q6AWC2	Homo sapiens	Metazoa	1192	False
Q6NVU6	Homo sapiens	Metazoa	218	False
Q6PD74	Homo sapiens	Metazoa	315	False
Q8IWZ4	Homo sapiens	Metazoa	224	False
Q8N3V7	Homo sapiens	Metazoa	929	False
Q969X0	Homo sapiens	Metazoa	211	False
Q96MI9	Homo sapiens	Metazoa	1112	False
P50091	Saccharomyces cerevisiae (strain ATCC 204508 / S288c)	Fungi	288	False
Q8LF36	Arabidopsis thaliana	Viridiplantae	492	False
Q8N3C0	Homo sapiens	Metazoa	2202	False
A4D126	Homo sapiens	Metazoa	451	False
A6NHX0	Homo sapiens	Metazoa	329	False
O00764	Homo sapiens	Metazoa	312	False
P18283	Homo sapiens	Metazoa	190	False
P21399	Homo sapiens	Metazoa	889	False
P49888	Homo sapiens	Metazoa	294	False
P49915	Homo sapiens	Metazoa	693	False
P54136	Homo sapiens	Metazoa	660	False
P61353	Homo sapiens	Metazoa	136	False
P62273	Homo sapiens	Metazoa	56	False
P62942	Homo sapiens	Metazoa	108	False
P84074	Homo sapiens	Metazoa	193	False
Q05084	Homo sapiens	Metazoa	483	False
Q13155	Homo sapiens	Metazoa	320	False
Q14032	Homo sapiens	Metazoa	418	False
Q16719	Homo sapiens	Metazoa	465	False
Q86UK7	Homo sapiens	Metazoa	904	False
Q8TAC2	Homo sapiens	Metazoa	188	False
Q8WYK0	Homo sapiens	Metazoa	555	False
Q96BD6	Homo sapiens	Metazoa	273	False
Q9BUX1	Homo sapiens	Metazoa	222	False
Q9HCR9	Homo sapiens	Metazoa	933	False
Q9NQW7	Homo sapiens	Metazoa	623	False
Q9NY33	Homo sapiens	Metazoa	737	False
Q9ULE0	Homo sapiens	Metazoa	1216	False
Q9ULP0	Homo sapiens	Metazoa	352	False
Q9UQN3	Homo sapiens	Metazoa	213	False
O00204	Homo sapiens	Metazoa	365	False
P19367	Homo sapiens	Metazoa	917	False
P52789	Homo sapiens	Metazoa	917	False
P41921	Saccharomyces cerevisiae (strain ATCC 204508 / S288c)	Fungi	483	False
Q92968	Homo sapiens	Metazoa	403	False
P31327	Homo sapiens	Metazoa	1500	False
Q9NSK7	Homo sapiens	Metazoa	141	True
Q13608	Homo sapiens	Metazoa	980	False
P49758	Homo sapiens	Metazoa	472	False
O60524	Homo sapiens	Metazoa	1076	False
O94822	Homo sapiens	Metazoa	1766	False
O96007	Homo sapiens	Metazoa	188	False
P14868	Homo sapiens	Metazoa	501	False
P22061	Homo sapiens	Metazoa	227	False
P26374	Homo sapiens	Metazoa	656	False
P63220	Homo sapiens	Metazoa	83	False
Q02878	Homo sapiens	Metazoa	288	False
Q07020	Homo sapiens	Metazoa	188	False
Q14432	Homo sapiens	Metazoa	1141	True
Q15126	Homo sapiens	Metazoa	192	False
Q16773	Homo sapiens	Metazoa	422	False
Q92615	Homo sapiens	Metazoa	738	False
Q96G03	Homo sapiens	Metazoa	612	False
Q9BRS2	Homo sapiens	Metazoa	568	False
Q9H0F6	Homo sapiens	Metazoa	387	False
Q9H0R1	Homo sapiens	Metazoa	490	False
Q9H227	Homo sapiens	Metazoa	469	False
Q9H9E3	Homo sapiens	Metazoa	785	False
Q9NX09	Homo sapiens	Metazoa	232	False
Q9UBB6	Homo sapiens	Metazoa	729	False
Q9Y233	Homo sapiens	Metazoa	1055	False
Q9Y3R4	Homo sapiens	Metazoa	380	False
Q9NP80	Homo sapiens	Metazoa	782	False
P04049	Homo sapiens	Metazoa	648	False
Q15714	Homo sapiens	Metazoa	1073	False
Q8GW43	Arabidopsis thaliana	Viridiplantae	476	False
Q9FWA3	Arabidopsis thaliana	Viridiplantae	486	False
Q96MP8	Homo sapiens	Metazoa	289	False
Q96D53	Homo sapiens	Metazoa	544	False
Q9NZ56	Homo sapiens	Metazoa	1722	False
Q9BXM7	Homo sapiens	Metazoa	581	False
O00750	Homo sapiens	Metazoa	1634	False
Q7RTR0	Homo sapiens	Metazoa	991	False
Q01105	Homo sapiens	Metazoa	290	False
Q63276	Rattus norvegicus	Metazoa	420	False
Q96BY2	Homo sapiens	Metazoa	351	False
O75368	Homo sapiens	Metazoa	114	False
Q9BYG8	Homo sapiens	Metazoa	508	False
P21980	Homo sapiens	Metazoa	687	False
O60291	Homo sapiens	Metazoa	552	False
O15294	Homo sapiens	Metazoa	1046	False
Q9NPP4	Homo sapiens	Metazoa	1024	False
O04951	Arabidopsis thaliana	Viridiplantae	307	False
P41562	Rattus norvegicus	Metazoa	414	False
P50101	Saccharomyces cerevisiae (strain ATCC 204508 / S288c)	Fungi	1230	False
O00186	Homo sapiens	Metazoa	592	False
Q6PFW1	Homo sapiens	Metazoa	1433	False
Q6ZT62	Homo sapiens	Metazoa	677	False
Q86TV6	Homo sapiens	Metazoa	843	False
Q8TCU6	Homo sapiens	Metazoa	1659	False
Q9BYI3	Homo sapiens	Metazoa	521	False
Q8N884	Homo sapiens	Metazoa	522	False
Q9Y4P1	Homo sapiens	Metazoa	393	False
O60443	Homo sapiens	Metazoa	496	False
Q8N2Y8	Homo sapiens	Metazoa	1516	False
Q9BZ67	Homo sapiens	Metazoa	464	False
Q969K3	Homo sapiens	Metazoa	372	False
Q01082	Homo sapiens	Metazoa	2364	False
P05230	Homo sapiens	Metazoa	155	False
P14735	Homo sapiens	Metazoa	1019	False
P49619	Homo sapiens	Metazoa	791	False
P59044	Homo sapiens	Metazoa	892	False
Q96JJ3	Homo sapiens	Metazoa	720	False
Q9NZ09	Homo sapiens	Metazoa	502	False
O95571	Homo sapiens	Metazoa	254	False
Q96LW4	Homo sapiens	Metazoa	560	False
O43808	Homo sapiens	Metazoa	307	True
Q86W56	Homo sapiens	Metazoa	976	False
Q99497	Homo sapiens	Metazoa	189	False
Q9Y3D6	Homo sapiens	Metazoa	152	False
P46379	Homo sapiens	Metazoa	1132	False
Q96CM3	Homo sapiens	Metazoa	377	False
O43504	Homo sapiens	Metazoa	91	False
P07814	Homo sapiens	Metazoa	1512	False
Q4ADV7	Homo sapiens	Metazoa	1423	False
O43524	Homo sapiens	Metazoa	673	False
O43865	Homo sapiens	Metazoa	530	False
Q13574	Homo sapiens	Metazoa	928	False
Q9H6R0	Homo sapiens	Metazoa	707	False
Q66K74	Homo sapiens	Metazoa	1059	False
Q9GZV1	Homo sapiens	Metazoa	360	False
Q7LBR1	Homo sapiens	Metazoa	199	False
Q969Q5	Homo sapiens	Metazoa	203	False
P38646	Homo sapiens	Metazoa	679	False
O95831	Homo sapiens	Metazoa	613	False
Q92546	Homo sapiens	Metazoa	391	False
Q9NZZ3	Homo sapiens	Metazoa	219	False
Q07820	Homo sapiens	Metazoa	350	False
P15104	Homo sapiens	Metazoa	373	False
Q8TC71	Homo sapiens	Metazoa	538	False
Q05315	Homo sapiens	Metazoa	142	False
P18054	Homo sapiens	Metazoa	663	False
Q14116	Homo sapiens	Metazoa	193	False
P41220	Homo sapiens	Metazoa	211	False
Q14154	Homo sapiens	Metazoa	515	False
P19484	Homo sapiens	Metazoa	476	False
P19532	Homo sapiens	Metazoa	575	False
Q13283	Homo sapiens	Metazoa	466	False
Q96PU8	Homo sapiens	Metazoa	341	False
Q9UH77	Homo sapiens	Metazoa	587	False
A6NK58	Homo sapiens	Metazoa	231	False
O43716	Homo sapiens	Metazoa	136	False
O43837	Homo sapiens	Metazoa	385	False
O75127	Homo sapiens	Metazoa	700	False
P13995	Homo sapiens	Metazoa	350	False
P23378	Homo sapiens	Metazoa	1020	False
P23434	Homo sapiens	Metazoa	173	False
P43304	Homo sapiens	Metazoa	727	False
P82930	Homo sapiens	Metazoa	218	False
P83111	Homo sapiens	Metazoa	547	False
P86397	Homo sapiens	Metazoa	168	False
Q14249	Homo sapiens	Metazoa	297	False
Q16540	Homo sapiens	Metazoa	153	False
Q49AM1	Homo sapiens	Metazoa	385	False
Q4G0N4	Homo sapiens	Metazoa	442	False
Q4G176	Homo sapiens	Metazoa	576	False
Q5EBM0	Homo sapiens	Metazoa	449	False
Q5T440	Homo sapiens	Metazoa	356	False
Q68CK6	Homo sapiens	Metazoa	577	False
Q86U28	Homo sapiens	Metazoa	154	False
Q8TB37	Homo sapiens	Metazoa	319	False
Q969P6	Homo sapiens	Metazoa	601	False
Q96HY7	Homo sapiens	Metazoa	919	False
Q96IR7	Homo sapiens	Metazoa	371	False
Q99757	Homo sapiens	Metazoa	166	False
Q9BRQ6	Homo sapiens	Metazoa	235	False
Q9BVL4	Homo sapiens	Metazoa	669	False
Q9BW91	Homo sapiens	Metazoa	350	False
Q9BX68	Homo sapiens	Metazoa	163	False
Q9H0U6	Homo sapiens	Metazoa	180	False
Q9H3H1	Homo sapiens	Metazoa	467	False
Q9H3J6	Homo sapiens	Metazoa	166	False
Q9H9J2	Homo sapiens	Metazoa	332	False
Q9H9P8	Homo sapiens	Metazoa	463	False
Q9NPB1	Homo sapiens	Metazoa	228	False
Q9UKU7	Homo sapiens	Metazoa	415	False
Q9Y375	Homo sapiens	Metazoa	327	False
Q9Y399	Homo sapiens	Metazoa	296	False
Q9Y3B7	Homo sapiens	Metazoa	192	False
O00142	Homo sapiens	Metazoa	265	False
O15091	Homo sapiens	Metazoa	583	False
O75570	Homo sapiens	Metazoa	445	False
P24752	Homo sapiens	Metazoa	427	False
P31937	Homo sapiens	Metazoa	336	False
P46199	Homo sapiens	Metazoa	727	False
P49753	Homo sapiens	Metazoa	483	False
P82650	Homo sapiens	Metazoa	360	False
Q16698	Homo sapiens	Metazoa	335	False
Q53R41	Homo sapiens	Metazoa	847	False
Q86TS9	Homo sapiens	Metazoa	123	False
Q86TW2	Homo sapiens	Metazoa	530	False
Q8IVS2	Homo sapiens	Metazoa	390	False
Q8N183	Homo sapiens	Metazoa	169	False
Q8N573	Homo sapiens	Metazoa	874	False
Q92665	Homo sapiens	Metazoa	395	False
Q96DV4	Homo sapiens	Metazoa	380	False
Q96EY7	Homo sapiens	Metazoa	689	False
Q96I23	Homo sapiens	Metazoa	114	False
Q96NN9	Homo sapiens	Metazoa	605	False
Q96T66	Homo sapiens	Metazoa	252	False
Q99551	Homo sapiens	Metazoa	399	False
Q9BXH1	Homo sapiens	Metazoa	193	False
Q9BYV1	Homo sapiens	Metazoa	514	False
Q9H0R6	Homo sapiens	Metazoa	528	False
Q9HBH1	Homo sapiens	Metazoa	243	False
Q9NQ50	Homo sapiens	Metazoa	206	False
Q9NUQ9	Homo sapiens	Metazoa	324	False
Q9NWU1	Homo sapiens	Metazoa	459	False
Q9NYK5	Homo sapiens	Metazoa	338	False
Q9P032	Homo sapiens	Metazoa	175	False
Q9P0J1	Homo sapiens	Metazoa	537	False
Q9P2R7	Homo sapiens	Metazoa	463	False
Q9Y2R9	Homo sapiens	Metazoa	242	False
Q9Y6G3	Homo sapiens	Metazoa	142	False
O14561	Homo sapiens	Metazoa	156	False
O43521	Homo sapiens	Metazoa	198	False
O75648	Homo sapiens	Metazoa	421	False
O75879	Homo sapiens	Metazoa	557	False
P0C7P0	Homo sapiens	Metazoa	127	False
P22570	Homo sapiens	Metazoa	491	False
P32322	Homo sapiens	Metazoa	319	False
P50213	Homo sapiens	Metazoa	366	False
P82673	Homo sapiens	Metazoa	323	False
P82932	Homo sapiens	Metazoa	125	False
Q13794	Homo sapiens	Metazoa	54	False
Q53FZ2	Homo sapiens	Metazoa	586	False
Q53S33	Homo sapiens	Metazoa	107	False
Q68DD2	Homo sapiens	Metazoa	849	False
Q6UB28	Homo sapiens	Metazoa	335	False
Q6UB35	Homo sapiens	Metazoa	978	False
Q7L3V2	Homo sapiens	Metazoa	364	False
Q7Z7H8	Homo sapiens	Metazoa	261	False
Q8IXM3	Homo sapiens	Metazoa	137	False
Q8N4E7	Homo sapiens	Metazoa	242	False
Q96EL3	Homo sapiens	Metazoa	112	False
Q9BQP7	Homo sapiens	Metazoa	344	False
Q9BSH4	Homo sapiens	Metazoa	297	False
Q9BYC8	Homo sapiens	Metazoa	188	False
Q9HAC7	Homo sapiens	Metazoa	438	False
Q9NRX2	Homo sapiens	Metazoa	175	False
Q9NWU5	Homo sapiens	Metazoa	206	False
Q9NZE8	Homo sapiens	Metazoa	188	False
Q9UI32	Homo sapiens	Metazoa	602	False
Q9Y3D3	Homo sapiens	Metazoa	137	False
Q9Y3E2	Homo sapiens	Metazoa	137	False
P35790	Homo sapiens	Metazoa	457	False
Q63HN8	Homo sapiens	Metazoa	5207	False
Q9HB07	Homo sapiens	Metazoa	376	False
P61224	Homo sapiens	Metazoa	184	False
Q14156	Homo sapiens	Metazoa	821	False
Q9Y2G0	Homo sapiens	Metazoa	817	False
Q9Y6H1	Homo sapiens	Metazoa	151	False
Q96MT3	Homo sapiens	Metazoa	831	False
Q9NX47	Homo sapiens	Metazoa	278	False
Q9H299	Homo sapiens	Metazoa	93	False
O00763	Homo sapiens	Metazoa	2458	False
O60333	Homo sapiens	Metazoa	1816	False
O60783	Homo sapiens	Metazoa	128	False
P42765	Homo sapiens	Metazoa	397	False
P43897	Homo sapiens	Metazoa	325	False
P51398	Homo sapiens	Metazoa	398	False
P56134	Homo sapiens	Metazoa	94	True
P59942	Homo sapiens	Metazoa	119	False
Q13405	Homo sapiens	Metazoa	166	False
Q16822	Homo sapiens	Metazoa	640	False
Q3SXM5	Homo sapiens	Metazoa	330	False
Q5SXM8	Homo sapiens	Metazoa	178	False
Q5T2R2	Homo sapiens	Metazoa	415	False
Q6IB77	Homo sapiens	Metazoa	296	False
Q6P4F2	Homo sapiens	Metazoa	183	False
Q7L5Y1	Homo sapiens	Metazoa	443	False
Q7Z695	Homo sapiens	Metazoa	626	False
Q86YH6	Homo sapiens	Metazoa	399	False
Q8TDB4	Homo sapiens	Metazoa	240	True
Q96DX5	Homo sapiens	Metazoa	294	False
Q96E29	Homo sapiens	Metazoa	417	False
Q96I59	Homo sapiens	Metazoa	477	False
Q96SZ6	Homo sapiens	Metazoa	601	False
Q96T21	Homo sapiens	Metazoa	854	False
Q9H825	Homo sapiens	Metazoa	291	False
Q9NNW7	Homo sapiens	Metazoa	524	False
Q9NUJ1	Homo sapiens	Metazoa	306	False
Q9NWQ9	Homo sapiens	Metazoa	140	False
Q9NWS8	Homo sapiens	Metazoa	449	False
Q9UDR5	Homo sapiens	Metazoa	926	False
Q9UI17	Homo sapiens	Metazoa	866	False
Q9UII2	Homo sapiens	Metazoa	106	False
Q9UK39	Homo sapiens	Metazoa	431	False
Q9Y3D2	Homo sapiens	Metazoa	182	False
Q9Y3D9	Homo sapiens	Metazoa	190	False
P56589	Homo sapiens	Metazoa	373	True
Q9Y5Y5	Homo sapiens	Metazoa	336	True
P01116	Homo sapiens	Metazoa	189	False
Q8WZ73	Homo sapiens	Metazoa	363	False
O75143	Homo sapiens	Metazoa	517	False
O95433	Homo sapiens	Metazoa	338	False
P35558	Homo sapiens	Metazoa	622	False
Q9NX46	Homo sapiens	Metazoa	363	False
A0A087X1C5	Homo sapiens	Metazoa	515	True
A8MUP2	Homo sapiens	Metazoa	240	False
O00154	Homo sapiens	Metazoa	380	False
O00411	Homo sapiens	Metazoa	1230	False
O60427	Homo sapiens	Metazoa	444	False
P05198	Homo sapiens	Metazoa	315	False
P27469	Homo sapiens	Metazoa	103	False
P35218	Homo sapiens	Metazoa	305	False
P41247	Homo sapiens	Metazoa	253	False
P49411	Homo sapiens	Metazoa	455	False
P49590	Homo sapiens	Metazoa	506	False
P51553	Homo sapiens	Metazoa	393	False
P51649	Homo sapiens	Metazoa	535	False
P78540	Homo sapiens	Metazoa	354	False
Q13084	Homo sapiens	Metazoa	256	False
Q14197	Homo sapiens	Metazoa	206	False
Q14CZ7	Homo sapiens	Metazoa	662	False
Q16774	Homo sapiens	Metazoa	197	False
Q3SY69	Homo sapiens	Metazoa	923	False
Q5JTZ9	Homo sapiens	Metazoa	985	False
Q7L592	Homo sapiens	Metazoa	441	False
Q7Z6M4	Homo sapiens	Metazoa	381	False
Q8IVG5	Homo sapiens	Metazoa	1584	False
Q8N983	Homo sapiens	Metazoa	215	False
Q8WVM0	Homo sapiens	Metazoa	346	False
Q96CB9	Homo sapiens	Metazoa	384	False
Q96E11	Homo sapiens	Metazoa	262	False
Q9BRJ2	Homo sapiens	Metazoa	306	False
Q9BSK4	Homo sapiens	Metazoa	669	False
Q9BUE6	Homo sapiens	Metazoa	129	False
Q9H2U2	Homo sapiens	Metazoa	334	False
Q9H2W6	Homo sapiens	Metazoa	279	False
Q9H4B0	Homo sapiens	Metazoa	414	False
Q9H5Q4	Homo sapiens	Metazoa	396	False
Q9HC36	Homo sapiens	Metazoa	420	False
Q9NPH0	Homo sapiens	Metazoa	428	False
Q9UGC7	Homo sapiens	Metazoa	380	False
Q9UI43	Homo sapiens	Metazoa	246	False
Q9Y2D0	Homo sapiens	Metazoa	317	False
Q9Y5R4	Homo sapiens	Metazoa	338	False
Q9Y676	Homo sapiens	Metazoa	258	False
O75192	Homo sapiens	Metazoa	247	True
O96011	Homo sapiens	Metazoa	259	False
Q2QL34	Homo sapiens	Metazoa	196	True
Q96HA9	Homo sapiens	Metazoa	241	False
P14373	Homo sapiens	Metazoa	513	False
Q9NZC7	Homo sapiens	Metazoa	414	False
O43374	Homo sapiens	Metazoa	803	False
Q05469	Homo sapiens	Metazoa	1076	False
P49802	Homo sapiens	Metazoa	495	False
Q08495	Homo sapiens	Metazoa	405	False
Q7LDG7	Homo sapiens	Metazoa	609	False
P00973	Homo sapiens	Metazoa	400	False
O43502	Homo sapiens	Metazoa	376	False
O43542	Homo sapiens	Metazoa	346	False
Q05655	Homo sapiens	Metazoa	676	False
Q12802	Homo sapiens	Metazoa	2813	False
P55072	Homo sapiens	Metazoa	806	False
Q8N726	Homo sapiens	Metazoa	132	False
Q8WVX9	Homo sapiens	Metazoa	515	False
P57764	Homo sapiens	Metazoa	484	False
P53779	Homo sapiens	Metazoa	464	False
P39748	Homo sapiens	Metazoa	380	False
P30047	Homo sapiens	Metazoa	84	False
Q92597	Homo sapiens	Metazoa	394	False
A0JNW5	Homo sapiens	Metazoa	1464	False
O00214	Homo sapiens	Metazoa	317	False
O60879	Homo sapiens	Metazoa	1101	False
Q9BZR8	Homo sapiens	Metazoa	327	False
Q6IWH7	Homo sapiens	Metazoa	933	False
O15084	Homo sapiens	Metazoa	1053	False
O00141	Homo sapiens	Metazoa	431	False
P01584	Homo sapiens	Metazoa	269	False
Q9Y244	Homo sapiens	Metazoa	141	False
Q9NPJ1	Homo sapiens	Metazoa	570	False
Q6FI81	Homo sapiens	Metazoa	312	False
Q9C0C7	Homo sapiens	Metazoa	1298	False
Q9NUL7	Homo sapiens	Metazoa	540	False
Q96BM1	Homo sapiens	Metazoa	317	False
O14975	Homo sapiens	Metazoa	620	True
A6NDV4	Homo sapiens	Metazoa	472	False
Q9BZ23	Homo sapiens	Metazoa	570	False
Q15650	Homo sapiens	Metazoa	581	False
Q9BRT3	Homo sapiens	Metazoa	115	False
O14929	Homo sapiens	Metazoa	419	False
P06239	Homo sapiens	Metazoa	509	False
Q9Y5A9	Homo sapiens	Metazoa	579	False
P07900	Homo sapiens	Metazoa	732	False
Q8IYB8	Homo sapiens	Metazoa	786	False
Q9BQ52	Homo sapiens	Metazoa	826	False
P04035	Homo sapiens	Metazoa	888	True
Q5SYB0	Homo sapiens	Metazoa	1578	False
Q9BZF2	Homo sapiens	Metazoa	842	False
P33897	Homo sapiens	Metazoa	745	False
Q9ULC5	Homo sapiens	Metazoa	683	True
Q13615	Homo sapiens	Metazoa	1198	False
Q16555	Homo sapiens	Metazoa	572	False
P00505	Homo sapiens	Metazoa	430	False
P16050	Homo sapiens	Metazoa	662	False
Q08116	Homo sapiens	Metazoa	209	False
Q495M9	Homo sapiens	Metazoa	461	False
Q96JI7	Homo sapiens	Metazoa	2443	False
O94874	Homo sapiens	Metazoa	794	False
P11413	Homo sapiens	Metazoa	515	False
P61764	Homo sapiens	Metazoa	594	False
Q9BRQ8	Homo sapiens	Metazoa	373	True
P00390	Homo sapiens	Metazoa	522	False
Q6SZW1	Homo sapiens	Metazoa	724	False
Q8IWL3	Homo sapiens	Metazoa	235	False
Q9NQH7	Homo sapiens	Metazoa	507	False
Q9P2H5	Homo sapiens	Metazoa	1018	False
P30419	Homo sapiens	Metazoa	496	False
Q9BZF3	Homo sapiens	Metazoa	934	False
P35232	Homo sapiens	Metazoa	272	False
Q96EB6	Homo sapiens	Metazoa	747	False
Q5XIC0	Rattus norvegicus	Metazoa	391	False
P38060	Mus musculus	Metazoa	325	False
Q9WUR2	Mus musculus	Metazoa	391	False
O95153	Homo sapiens	Metazoa	1857	False
P22307	Homo sapiens	Metazoa	547	False
Q05823	Homo sapiens	Metazoa	741	False
Q969Y2	Homo sapiens	Metazoa	492	False
Q9BYJ4	Homo sapiens	Metazoa	488	False
Q9BYX4	Homo sapiens	Metazoa	1025	False
Q9NVV4	Homo sapiens	Metazoa	582	False
Q9Y5Z4	Homo sapiens	Metazoa	205	False
O95865	Homo sapiens	Metazoa	285	False
P0C0E4	Homo sapiens	Metazoa	278	False
Q63ZY3	Homo sapiens	Metazoa	851	False
Q6IMN6	Homo sapiens	Metazoa	1127	False
Q7Z4T9	Homo sapiens	Metazoa	767	False
Q92552	Homo sapiens	Metazoa	414	False
Q96C36	Homo sapiens	Metazoa	320	False
Q99623	Homo sapiens	Metazoa	299	False
P04406	Homo sapiens	Metazoa	335	False
Q9Y694	Homo sapiens	Metazoa	548	True
Q9UKL3	Homo sapiens	Metazoa	1982	False
P40855	Homo sapiens	Metazoa	299	False
Q8IX03	Homo sapiens	Metazoa	1113	False
O14879	Homo sapiens	Metazoa	490	False
O43900	Homo sapiens	Metazoa	615	False
Q13114	Homo sapiens	Metazoa	568	False
Q9H3L0	Homo sapiens	Metazoa	296	False
Q9H1P3	Homo sapiens	Metazoa	480	False
O00743	Homo sapiens	Metazoa	305	False
P61221	Homo sapiens	Metazoa	599	False
Q86U90	Homo sapiens	Metazoa	279	False
Q8IVH4	Homo sapiens	Metazoa	418	False
Q8IVS8	Homo sapiens	Metazoa	523	False
Q9BZY9	Homo sapiens	Metazoa	425	False
Q9H8K7	Homo sapiens	Metazoa	445	False
Q96CF2	Homo sapiens	Metazoa	233	False
Q6PML9	Homo sapiens	Metazoa	568	False
Q13148	Homo sapiens	Metazoa	414	False
O43272	Homo sapiens	Metazoa	600	False
O95900	Homo sapiens	Metazoa	331	False
P10109	Homo sapiens	Metazoa	184	False
P29803	Homo sapiens	Metazoa	388	False
P82914	Homo sapiens	Metazoa	257	False
Q15118	Homo sapiens	Metazoa	436	False
Q16740	Homo sapiens	Metazoa	277	False
Q16762	Homo sapiens	Metazoa	297	False
Q32P41	Homo sapiens	Metazoa	509	False
Q92506	Homo sapiens	Metazoa	261	False
Q9BVS5	Homo sapiens	Metazoa	477	False
Q9BWL3	Homo sapiens	Metazoa	253	True
Q5VZ89	Homo sapiens	Metazoa	1909	False
P29372	Homo sapiens	Metazoa	298	False
O00330	Homo sapiens	Metazoa	501	False
P00480	Homo sapiens	Metazoa	354	False
P04179	Homo sapiens	Metazoa	222	False
P27144	Homo sapiens	Metazoa	223	False
P36776	Homo sapiens	Metazoa	959	False
P61604	Homo sapiens	Metazoa	102	False
P80404	Homo sapiens	Metazoa	500	False
Q15120	Homo sapiens	Metazoa	406	False
Q16798	Homo sapiens	Metazoa	604	False
Q3KRB8	Homo sapiens	Metazoa	267	False
Q6IN84	Homo sapiens	Metazoa	353	False
Q96JX3	Homo sapiens	Metazoa	654	True
Q96RQ3	Homo sapiens	Metazoa	725	False
Q9HAV7	Homo sapiens	Metazoa	217	False
Q9HCC0	Homo sapiens	Metazoa	563	False
Q9UGM6	Homo sapiens	Metazoa	360	False
Q9UIJ7	Homo sapiens	Metazoa	227	False
O75323	Homo sapiens	Metazoa	286	False
P05091	Homo sapiens	Metazoa	517	False
P11177	Homo sapiens	Metazoa	359	False
P30405	Homo sapiens	Metazoa	207	False
P49448	Homo sapiens	Metazoa	558	False
Q5JPH6	Homo sapiens	Metazoa	523	False
Q6L8Q7	Homo sapiens	Metazoa	609	False
Q6P087	Homo sapiens	Metazoa	351	False
Q86SX6	Homo sapiens	Metazoa	157	False
Q8N1Q8	Homo sapiens	Metazoa	247	False
Q969Z0	Homo sapiens	Metazoa	631	False
Q96EH3	Homo sapiens	Metazoa	234	False
Q99797	Homo sapiens	Metazoa	713	False
Q9BT30	Homo sapiens	Metazoa	221	False
Q9H6R3	Homo sapiens	Metazoa	686	False
Q9NX18	Homo sapiens	Metazoa	166	False
Q9P0P8	Homo sapiens	Metazoa	240	False
Q9ULD0	Homo sapiens	Metazoa	1010	False
Q9Y6E7	Homo sapiens	Metazoa	314	False
Q9Y3B8	Homo sapiens	Metazoa	237	False
P49662	Homo sapiens	Metazoa	377	False
Q9Y3E7	Homo sapiens	Metazoa	222	False
Q9NSU2	Homo sapiens	Metazoa	314	False
O75439	Homo sapiens	Metazoa	489	False
P00367	Homo sapiens	Metazoa	558	False
P08559	Homo sapiens	Metazoa	390	False
P11498	Homo sapiens	Metazoa	1178	False
Q13472	Homo sapiens	Metazoa	1001	False
Q14296	Homo sapiens	Metazoa	549	False
Q16654	Homo sapiens	Metazoa	411	False
Q53H82	Homo sapiens	Metazoa	288	False
Q8N4T8	Homo sapiens	Metazoa	237	False
Q8NFV4	Homo sapiens	Metazoa	306	False
Q8NI37	Homo sapiens	Metazoa	304	False
Q96GJ1	Homo sapiens	Metazoa	504	False
Q9H649	Homo sapiens	Metazoa	340	False
Q9NTG7	Homo sapiens	Metazoa	399	False
Q9NUB1	Homo sapiens	Metazoa	689	False
Q9NVH6	Homo sapiens	Metazoa	421	False
Q9Y6J8	Homo sapiens	Metazoa	313	False
P25819	Arabidopsis thaliana	Viridiplantae	492	False
Q9XF57	Arabidopsis thaliana	Viridiplantae	317	False
Q8IXH6	Homo sapiens	Metazoa	220	False
Q71RC2	Homo sapiens	Metazoa	724	False
A6NJ78	Homo sapiens	Metazoa	407	False
L0R8F8	Homo sapiens	Metazoa	70	False
P04181	Homo sapiens	Metazoa	439	False
P05165	Homo sapiens	Metazoa	728	False
P10809	Homo sapiens	Metazoa	573	False
P11310	Homo sapiens	Metazoa	421	False
P23368	Homo sapiens	Metazoa	584	False
P30038	Homo sapiens	Metazoa	563	False
P30084	Homo sapiens	Metazoa	290	False
P30837	Homo sapiens	Metazoa	517	False
P52815	Homo sapiens	Metazoa	198	False
P54886	Homo sapiens	Metazoa	795	False
Q15119	Homo sapiens	Metazoa	407	False
Q5JRX3	Homo sapiens	Metazoa	1037	False
Q5U5X0	Homo sapiens	Metazoa	104	False
Q86VP3	Homo sapiens	Metazoa	889	False
Q8N3J5	Homo sapiens	Metazoa	372	False
Q8WWC4	Homo sapiens	Metazoa	291	False
Q92947	Homo sapiens	Metazoa	438	False
Q96EY1	Homo sapiens	Metazoa	480	False
Q9BPW8	Homo sapiens	Metazoa	284	False
Q9Y2Z4	Homo sapiens	Metazoa	477	False
P35056	Saccharomyces cerevisiae (strain ATCC 204508 / S288c)	Fungi	612	False
P39108	Saccharomyces cerevisiae (strain ATCC 204508 / S288c)	Fungi	375	False
Q9FMA3	Arabidopsis thaliana	Viridiplantae	728	False
Q9Y5Y0	Homo sapiens	Metazoa	555	False
Q7Z412	Homo sapiens	Metazoa	305	False
O95810	Homo sapiens	Metazoa	425	False
Q15751	Homo sapiens	Metazoa	4861	False
O15527	Homo sapiens	Metazoa	345	False
Q9P2N6	Homo sapiens	Metazoa	904	False
Q08J23	Homo sapiens	Metazoa	767	False
Q12768	Homo sapiens	Metazoa	1159	False
P0C869	Homo sapiens	Metazoa	781	False
Q96A56	Homo sapiens	Metazoa	240	False
Q9Y224	Homo sapiens	Metazoa	244	False
P25705	Homo sapiens	Metazoa	553	False
Q5VW36	Homo sapiens	Metazoa	1801	False
Q96TA1	Homo sapiens	Metazoa	746	False
P14598	Homo sapiens	Metazoa	390	False
Q8K2C6	Mus musculus	Metazoa	310	False
Q96P20	Homo sapiens	Metazoa	1036	False
Q53GT1	Homo sapiens	Metazoa	634	False
O43572	Homo sapiens	Metazoa	662	False
Q641K1	Mus musculus	Metazoa	1218	False
Q921N8	Mus musculus	Metazoa	327	False
Q99578	Homo sapiens	Metazoa	217	False
Q9NRQ2	Homo sapiens	Metazoa	329	False
P23443	Homo sapiens	Metazoa	525	False
Q07021	Homo sapiens	Metazoa	282	False
O60216	Homo sapiens	Metazoa	631	False
O15296	Homo sapiens	Metazoa	676	False
P17252	Homo sapiens	Metazoa	672	False
Q07812	Homo sapiens	Metazoa	192	False
Q330K2	Homo sapiens	Metazoa	333	False
P07947	Homo sapiens	Metazoa	543	False
P15336	Homo sapiens	Metazoa	505	False
Q9HAP2	Homo sapiens	Metazoa	919	False
Q9HD36	Homo sapiens	Metazoa	204	False
Q9UKA2	Homo sapiens	Metazoa	621	False
P06401	Homo sapiens	Metazoa	933	False
P27695	Homo sapiens	Metazoa	318	False
Q9NUQ2	Homo sapiens	Metazoa	364	True
P31749	Homo sapiens	Metazoa	480	False
Q8C624	Mus musculus	Metazoa	132	False
Q13057	Homo sapiens	Metazoa	564	False
Q6ICL3	Homo sapiens	Metazoa	276	False
Q9SJQ9	Arabidopsis thaliana	Viridiplantae	358	False
Q9P0J0	Homo sapiens	Metazoa	144	True
Q9Y697	Homo sapiens	Metazoa	457	False
Q96M32	Homo sapiens	Metazoa	723	False
Q12849	Homo sapiens	Metazoa	480	False
Q86TL0	Homo sapiens	Metazoa	474	False
Q9P212	Homo sapiens	Metazoa	2302	False
Q494U1	Homo sapiens	Metazoa	611	False
Q9HC29	Homo sapiens	Metazoa	1040	False
O94972	Homo sapiens	Metazoa	964	False
P22033	Homo sapiens	Metazoa	750	False
P30048	Homo sapiens	Metazoa	256	False
Q16775	Homo sapiens	Metazoa	308	False
Q8WXI4	Homo sapiens	Metazoa	607	False
Q8TF40	Homo sapiens	Metazoa	1166	False
O94778	Homo sapiens	Metazoa	261	True
Q9UNQ0	Homo sapiens	Metazoa	655	False
Q13049	Homo sapiens	Metazoa	653	False
Q8IXQ9	Homo sapiens	Metazoa	262	False
Q8NFF5	Homo sapiens	Metazoa	587	False
Q8IZQ1	Homo sapiens	Metazoa	3526	False
Q12829	Homo sapiens	Metazoa	278	False
P17987	Homo sapiens	Metazoa	556	False
Q9Y6N9	Homo sapiens	Metazoa	552	False
Q9UPV9	Homo sapiens	Metazoa	953	False
Q9Y237	Homo sapiens	Metazoa	131	False
Q9H4L5	Homo sapiens	Metazoa	887	False
Q14693	Homo sapiens	Metazoa	890	False
Q96S21	Homo sapiens	Metazoa	281	False
Q9NR31	Homo sapiens	Metazoa	198	False
Q6PI78	Homo sapiens	Metazoa	240	False
Q9H444	Homo sapiens	Metazoa	224	False
Q8TE04	Homo sapiens	Metazoa	598	False
Q9H300	Homo sapiens	Metazoa	379	False
P49703	Homo sapiens	Metazoa	201	False
Q53GL0	Homo sapiens	Metazoa	409	False
Q9NS86	Homo sapiens	Metazoa	450	False
Q9UBL6	Homo sapiens	Metazoa	633	False
Q9Y3L3	Homo sapiens	Metazoa	701	False
Q6P3S1	Homo sapiens	Metazoa	775	False
O75317	Homo sapiens	Metazoa	370	False
P46937	Homo sapiens	Metazoa	504	False
Q2TAL8	Homo sapiens	Metazoa	776	False
Q5JTJ3	Homo sapiens	Metazoa	125	False
Q92905	Homo sapiens	Metazoa	334	False
Q9P2G3	Homo sapiens	Metazoa	628	False
O43715	Homo sapiens	Metazoa	76	False
P99999	Homo sapiens	Metazoa	105	False
Q96BR5	Homo sapiens	Metazoa	231	False
P06241	Homo sapiens	Metazoa	537	False
P04818	Homo sapiens	Metazoa	313	False
P49841	Homo sapiens	Metazoa	420	False
Q86WV1	Homo sapiens	Metazoa	359	False
O43745	Homo sapiens	Metazoa	196	False
P11309	Homo sapiens	Metazoa	313	False
P53041	Homo sapiens	Metazoa	499	False
Q01844	Homo sapiens	Metazoa	656	False
Q8WXX5	Homo sapiens	Metazoa	260	False
Q99829	Homo sapiens	Metazoa	537	False
Q9GZV5	Homo sapiens	Metazoa	400	False
O00198	Homo sapiens	Metazoa	91	True
Q8N4Q1	Homo sapiens	Metazoa	142	False
Q8IV53	Homo sapiens	Metazoa	801	False
Q9Y3P9	Homo sapiens	Metazoa	1069	False
O95267	Homo sapiens	Metazoa	797	False
Q96MA6	Homo sapiens	Metazoa	479	False
Q8GUN2	Arabidopsis thaliana	Viridiplantae	147	False
Q8WYQ3	Homo sapiens	Metazoa	142	False
Q9H078	Homo sapiens	Metazoa	707	False
Q84WW2	Arabidopsis thaliana	Viridiplantae	325	False
Q9FFF4	Arabidopsis thaliana	Viridiplantae	477	False
Q9Y255	Homo sapiens	Metazoa	219	False
O60238	Homo sapiens	Metazoa	219	False
Q96T49	Homo sapiens	Metazoa	567	False
Q8N490	Homo sapiens	Metazoa	385	False
P21359	Homo sapiens	Metazoa	2839	False
Q13277	Homo sapiens	Metazoa	289	False
Q96ST8	Homo sapiens	Metazoa	783	False
P32020	Mus musculus	Metazoa	547	False
Q9UPI3	Homo sapiens	Metazoa	526	True
Q93YZ7	Arabidopsis thaliana	Viridiplantae	491	False
P63167	Homo sapiens	Metazoa	89	False
Q8WXH0	Homo sapiens	Metazoa	6885	False
Q9UP83	Homo sapiens	Metazoa	860	False
Q99942	Homo sapiens	Metazoa	180	False
Q9BX84	Homo sapiens	Metazoa	2022	False
P09769	Homo sapiens	Metazoa	529	False
Q92574	Homo sapiens	Metazoa	1164	False
Q96PN6	Homo sapiens	Metazoa	1610	False
O15528	Homo sapiens	Metazoa	508	False
Q09013	Homo sapiens	Metazoa	629	False
Q9HC21	Homo sapiens	Metazoa	320	True
Q9NRY6	Homo sapiens	Metazoa	295	False
Q9BWM7	Homo sapiens	Metazoa	321	False
P04150	Homo sapiens	Metazoa	777	False
Q9NUM3	Homo sapiens	Metazoa	307	True
Q86YR5	Homo sapiens	Metazoa	675	False
P27815	Homo sapiens	Metazoa	886	False
P49815	Homo sapiens	Metazoa	1807	False
Q7Z739	Homo sapiens	Metazoa	585	False
Q9H015	Homo sapiens	Metazoa	551	True
P09917	Homo sapiens	Metazoa	674	False
P39207	Arabidopsis thaliana	Viridiplantae	149	False
O60763	Homo sapiens	Metazoa	962	False
Q8WWI5	Homo sapiens	Metazoa	657	True
Q9NR71	Homo sapiens	Metazoa	780	True
P53184	Saccharomyces cerevisiae (strain ATCC 204508 / S288c)	Fungi	216	False
Q9URQ3	Saccharomyces cerevisiae (strain ATCC 204508 / S288c)	Fungi	322	False
Q5K4L6	Homo sapiens	Metazoa	683	True
Q5T160	Homo sapiens	Metazoa	578	False
Q6P4H8	Homo sapiens	Metazoa	233	True
Q709F0	Homo sapiens	Metazoa	780	False
Q8NI60	Homo sapiens	Metazoa	647	False
Q9BQD7	Homo sapiens	Metazoa	235	True
Q9BXI2	Homo sapiens	Metazoa	301	True
Q86Y07	Homo sapiens	Metazoa	508	False
Q93052	Homo sapiens	Metazoa	612	False
P20339	Homo sapiens	Metazoa	215	False
P56378	Homo sapiens	Metazoa	58	True
Q8WV93	Homo sapiens	Metazoa	481	False
Q96A26	Homo sapiens	Metazoa	154	False
Q96IX5	Homo sapiens	Metazoa	58	True
Q9Y619	Homo sapiens	Metazoa	301	True
Q14061	Homo sapiens	Metazoa	63	False
P54098	Homo sapiens	Metazoa	1239	False
Q9P0N9	Homo sapiens	Metazoa	293	False
Q8TB92	Homo sapiens	Metazoa	370	False
Q9HAU4	Homo sapiens	Metazoa	748	False
Q6X4W1	Homo sapiens	Metazoa	530	False
Q5T890	Homo sapiens	Metazoa	1550	False
Q9BPZ7	Homo sapiens	Metazoa	522	False
O76031	Homo sapiens	Metazoa	633	False
Q04837	Homo sapiens	Metazoa	148	False
Q7L8L6	Homo sapiens	Metazoa	764	False
Q99714	Homo sapiens	Metazoa	261	False
Q9NQX3	Homo sapiens	Metazoa	736	False
O94830	Homo sapiens	Metazoa	711	False
O94921	Homo sapiens	Metazoa	469	False
P34947	Homo sapiens	Metazoa	590	False
Q06187	Homo sapiens	Metazoa	659	False
Q00059	Homo sapiens	Metazoa	246	False
Q9BRT2	Homo sapiens	Metazoa	126	False
Q9NVH0	Homo sapiens	Metazoa	621	True
P11233	Homo sapiens	Metazoa	206	False
P21796	Homo sapiens	Metazoa	283	False
P05062	Homo sapiens	Metazoa	364	False
Q15080	Homo sapiens	Metazoa	339	False
Q7L0Y3	Homo sapiens	Metazoa	403	False
Q96QE5	Homo sapiens	Metazoa	360	False
Q9NYY8	Homo sapiens	Metazoa	710	False
O60346	Homo sapiens	Metazoa	1717	False
P40617	Homo sapiens	Metazoa	200	False
P46940	Homo sapiens	Metazoa	1657	False
P49796	Homo sapiens	Metazoa	1198	False
Q7Z7H3	Homo sapiens	Metazoa	387	False
Q96S59	Homo sapiens	Metazoa	729	False
O43464	Homo sapiens	Metazoa	458	False
Q14142	Homo sapiens	Metazoa	442	False
Q7Z3B3	Homo sapiens	Metazoa	1105	False
P42681	Homo sapiens	Metazoa	527	False
P68104	Homo sapiens	Metazoa	462	False
Q8ND76	Homo sapiens	Metazoa	341	False
Q9HB21	Homo sapiens	Metazoa	404	False
P31751	Homo sapiens	Metazoa	481	False
P32455	Homo sapiens	Metazoa	592	False
Q9Y228	Homo sapiens	Metazoa	551	False
P34897	Homo sapiens	Metazoa	504	False
A1A519	Homo sapiens	Metazoa	330	False
A6H8Y1	Homo sapiens	Metazoa	2624	False
O00268	Homo sapiens	Metazoa	1085	False
O00505	Homo sapiens	Metazoa	521	False
O00712	Homo sapiens	Metazoa	420	False
O14497	Homo sapiens	Metazoa	2285	False
O15318	Homo sapiens	Metazoa	223	False
O15370	Homo sapiens	Metazoa	315	False
O43172	Homo sapiens	Metazoa	522	False
O43593	Homo sapiens	Metazoa	1189	False
O60284	Homo sapiens	Metazoa	1047	False
O60381	Homo sapiens	Metazoa	514	False
O60393	Homo sapiens	Metazoa	691	False
O60481	Homo sapiens	Metazoa	467	False
O60682	Homo sapiens	Metazoa	206	False
O75469	Homo sapiens	Metazoa	434	False
O75475	Homo sapiens	Metazoa	530	False
O75486	Homo sapiens	Metazoa	317	False
O77932	Homo sapiens	Metazoa	396	False
O94768	Homo sapiens	Metazoa	372	False
O95125	Homo sapiens	Metazoa	648	False
O95777	Homo sapiens	Metazoa	96	False
P04198	Homo sapiens	Metazoa	464	False
P06454	Homo sapiens	Metazoa	111	False
P07910	Homo sapiens	Metazoa	306	False
P09017	Homo sapiens	Metazoa	264	False
P09086	Homo sapiens	Metazoa	479	False
P0DPB6	Homo sapiens	Metazoa	133	False
P12004	Homo sapiens	Metazoa	261	False
P13378	Homo sapiens	Metazoa	290	False
P14652	Homo sapiens	Metazoa	356	False
P15923	Homo sapiens	Metazoa	654	False
P16455	Homo sapiens	Metazoa	207	False
P17509	Homo sapiens	Metazoa	224	False
P17947	Homo sapiens	Metazoa	270	False
P18858	Homo sapiens	Metazoa	919	False
P20823	Homo sapiens	Metazoa	631	False
P21675	Homo sapiens	Metazoa	1893	False
P23193	Homo sapiens	Metazoa	301	False
P23409	Homo sapiens	Metazoa	242	False
P24278	Homo sapiens	Metazoa	435	False
P26368	Homo sapiens	Metazoa	475	False
P28069	Homo sapiens	Metazoa	291	False
P28340	Homo sapiens	Metazoa	1107	False
P28347	Homo sapiens	Metazoa	426	False
P28698	Homo sapiens	Metazoa	734	False
P29084	Homo sapiens	Metazoa	291	False
P30307	Homo sapiens	Metazoa	473	False
P31271	Homo sapiens	Metazoa	388	False
P31276	Homo sapiens	Metazoa	330	False
P35452	Homo sapiens	Metazoa	270	False
P35637	Homo sapiens	Metazoa	526	False
P35712	Homo sapiens	Metazoa	828	False
P41225	Homo sapiens	Metazoa	446	False
P51531	Homo sapiens	Metazoa	1590	False
P51532	Homo sapiens	Metazoa	1647	False
P51946	Homo sapiens	Metazoa	323	False
P51959	Homo sapiens	Metazoa	295	False
P52739	Homo sapiens	Metazoa	623	False
P52926	Homo sapiens	Metazoa	109	False
P52952	Homo sapiens	Metazoa	324	False
P62310	Homo sapiens	Metazoa	102	False
P67870	Homo sapiens	Metazoa	215	False
P78364	Homo sapiens	Metazoa	1004	False
P83876	Homo sapiens	Metazoa	142	False
P83916	Homo sapiens	Metazoa	185	False
Q02446	Homo sapiens	Metazoa	784	False
Q02548	Homo sapiens	Metazoa	391	False
Q04725	Homo sapiens	Metazoa	743	False
Q06945	Homo sapiens	Metazoa	474	False
Q10571	Homo sapiens	Metazoa	1320	False
Q12947	Homo sapiens	Metazoa	444	False
Q12962	Homo sapiens	Metazoa	218	False
Q12996	Homo sapiens	Metazoa	717	False
Q13111	Homo sapiens	Metazoa	956	False
Q13133	Homo sapiens	Metazoa	447	False
Q13263	Homo sapiens	Metazoa	835	False
Q13416	Homo sapiens	Metazoa	577	False
Q13573	Homo sapiens	Metazoa	536	False
Q14188	Homo sapiens	Metazoa	446	False
Q14469	Homo sapiens	Metazoa	280	False
Q14686	Homo sapiens	Metazoa	2063	False
Q14938	Homo sapiens	Metazoa	502	False
Q14995	Homo sapiens	Metazoa	579	False
Q14CW9	Homo sapiens	Metazoa	347	False
Q15329	Homo sapiens	Metazoa	346	False
Q15393	Homo sapiens	Metazoa	1217	False
Q15543	Homo sapiens	Metazoa	124	False
Q15648	Homo sapiens	Metazoa	1581	False
Q15744	Homo sapiens	Metazoa	281	False
Q16514	Homo sapiens	Metazoa	161	False
Q16533	Homo sapiens	Metazoa	368	False
Q16594	Homo sapiens	Metazoa	264	False
Q29RF7	Homo sapiens	Metazoa	1337	False
Q2TAK8	Homo sapiens	Metazoa	710	False
Q3KNV8	Homo sapiens	Metazoa	242	False
Q4FZB7	Homo sapiens	Metazoa	885	False
Q5HYN5	Homo sapiens	Metazoa	189	False
Q5T0F9	Homo sapiens	Metazoa	858	False
Q5T9G4	Homo sapiens	Metazoa	340	False
Q5THR3	Homo sapiens	Metazoa	1501	False
Q5VTD9	Homo sapiens	Metazoa	330	False
Q5XKL5	Homo sapiens	Metazoa	1792	False
Q69YH5	Homo sapiens	Metazoa	1023	False
Q6ECI4	Homo sapiens	Metazoa	717	False
Q6P4R8	Homo sapiens	Metazoa	1299	False
Q6ZMT4	Homo sapiens	Metazoa	941	False
Q71SY5	Homo sapiens	Metazoa	747	False
Q7Z4V0	Homo sapiens	Metazoa	828	False
Q7Z591	Homo sapiens	Metazoa	1439	False
Q86U86	Homo sapiens	Metazoa	1689	False
Q86YA3	Homo sapiens	Metazoa	2104	False
Q8IVL1	Homo sapiens	Metazoa	2488	False
Q8IXF0	Homo sapiens	Metazoa	933	False
Q8IYD8	Homo sapiens	Metazoa	2048	False
Q8N414	Homo sapiens	Metazoa	524	False
Q8N5P1	Homo sapiens	Metazoa	291	False
Q8N7H5	Homo sapiens	Metazoa	531	False
Q8NBZ0	Homo sapiens	Metazoa	244	False
Q8NCU7	Homo sapiens	Metazoa	369	False
Q8NEM7	Homo sapiens	Metazoa	779	False
Q8NEZ4	Homo sapiens	Metazoa	4911	False
Q8NFD5	Homo sapiens	Metazoa	2319	False
Q8NFT6	Homo sapiens	Metazoa	615	False
Q8NHZ7	Homo sapiens	Metazoa	208	False
Q8TAQ2	Homo sapiens	Metazoa	1214	False
Q8TBK2	Homo sapiens	Metazoa	473	False
Q8TDI0	Homo sapiens	Metazoa	1954	False
Q8TDR4	Homo sapiens	Metazoa	215	False
Q8TEC5	Homo sapiens	Metazoa	729	False
Q8WW12	Homo sapiens	Metazoa	178	False
Q8WW38	Homo sapiens	Metazoa	1151	False
Q92833	Homo sapiens	Metazoa	1246	False
Q969F1	Homo sapiens	Metazoa	213	False
Q969L4	Homo sapiens	Metazoa	123	False
Q96AV8	Homo sapiens	Metazoa	911	False
Q96B02	Homo sapiens	Metazoa	151	False
Q96K80	Homo sapiens	Metazoa	434	False
Q96RL1	Homo sapiens	Metazoa	719	False
Q99496	Homo sapiens	Metazoa	336	False
Q99581	Homo sapiens	Metazoa	238	False
Q9BPZ2	Homo sapiens	Metazoa	258	False
Q9BQ69	Homo sapiens	Metazoa	325	False
Q9BTC8	Homo sapiens	Metazoa	594	False
Q9BTP7	Homo sapiens	Metazoa	215	False
Q9BVI0	Homo sapiens	Metazoa	1012	False
Q9BW66	Homo sapiens	Metazoa	212	False
Q9BXF3	Homo sapiens	Metazoa	1484	False
Q9BXW9	Homo sapiens	Metazoa	1451	False
Q9C0J8	Homo sapiens	Metazoa	1336	False
Q9GZV8	Homo sapiens	Metazoa	571	False
Q9H0E3	Homo sapiens	Metazoa	1048	False
Q9H334	Homo sapiens	Metazoa	677	False
Q9H4Z2	Homo sapiens	Metazoa	1342	False
Q9H5I1	Homo sapiens	Metazoa	410	False
Q9H8M7	Homo sapiens	Metazoa	445	False
Q9H9L7	Homo sapiens	Metazoa	192	False
Q9H9S0	Homo sapiens	Metazoa	305	False
Q9HAW4	Homo sapiens	Metazoa	1339	False
Q9HBZ2	Homo sapiens	Metazoa	717	False
Q9NP71	Homo sapiens	Metazoa	852	False
Q9NQ33	Homo sapiens	Metazoa	181	False
Q9NS37	Homo sapiens	Metazoa	354	False
Q9NVR2	Homo sapiens	Metazoa	710	False
Q9NX01	Homo sapiens	Metazoa	149	False
Q9NXR8	Homo sapiens	Metazoa	418	False
Q9NYP3	Homo sapiens	Metazoa	566	False
Q9NZ81	Homo sapiens	Metazoa	148	False
Q9NZM4	Homo sapiens	Metazoa	1560	False
Q9P0K7	Homo sapiens	Metazoa	980	False
Q9P0K8	Homo sapiens	Metazoa	574	False
Q9P2K5	Homo sapiens	Metazoa	600	False
Q9P2Y4	Homo sapiens	Metazoa	722	False
Q9UEE5	Homo sapiens	Metazoa	414	False
Q9UGU0	Homo sapiens	Metazoa	1960	False
Q9UHQ1	Homo sapiens	Metazoa	456	False
Q9UIF7	Homo sapiens	Metazoa	546	False
Q9UIF8	Homo sapiens	Metazoa	2168	False
Q9UJW9	Homo sapiens	Metazoa	196	False
Q9ULV5	Homo sapiens	Metazoa	492	False
Q9ULX3	Homo sapiens	Metazoa	412	False
Q9UM63	Homo sapiens	Metazoa	463	False
Q9UMN6	Homo sapiens	Metazoa	2715	False
Q9UNL4	Homo sapiens	Metazoa	249	False
Q9Y222	Homo sapiens	Metazoa	760	False
Q9Y2M0	Homo sapiens	Metazoa	1017	False
Q9Y2V3	Homo sapiens	Metazoa	346	False
Q9Y2Y9	Homo sapiens	Metazoa	288	False
Q9Y388	Homo sapiens	Metazoa	322	False
Q9HCC9	Homo sapiens	Metazoa	887	False
P42704	Homo sapiens	Metazoa	1394	False
Q3ZCQ8	Homo sapiens	Metazoa	353	True
Q96LW7	Homo sapiens	Metazoa	228	False
A0AVK6	Homo sapiens	Metazoa	867	False
A8MTJ6	Homo sapiens	Metazoa	420	False
G2XKQ0	Homo sapiens	Metazoa	101	False
O00472	Homo sapiens	Metazoa	640	False
O00716	Homo sapiens	Metazoa	465	False
O14776	Homo sapiens	Metazoa	1098	False
O14901	Homo sapiens	Metazoa	512	False
O14978	Homo sapiens	Metazoa	683	False
O15151	Homo sapiens	Metazoa	490	False
O15514	Homo sapiens	Metazoa	142	False
O43365	Homo sapiens	Metazoa	443	False
O75461	Homo sapiens	Metazoa	281	False
O75586	Homo sapiens	Metazoa	246	False
O75593	Homo sapiens	Metazoa	365	False
O75676	Homo sapiens	Metazoa	772	False
O75937	Homo sapiens	Metazoa	253	False
O94913	Homo sapiens	Metazoa	1555	False
O95073	Homo sapiens	Metazoa	299	False
O95639	Homo sapiens	Metazoa	269	False
O95718	Homo sapiens	Metazoa	433	False
O95931	Homo sapiens	Metazoa	251	False
P05423	Homo sapiens	Metazoa	398	False
P10588	Homo sapiens	Metazoa	404	False
P12524	Homo sapiens	Metazoa	364	False
P14316	Homo sapiens	Metazoa	349	False
P15172	Homo sapiens	Metazoa	320	False
P15173	Homo sapiens	Metazoa	224	False
P15884	Homo sapiens	Metazoa	667	False
P17483	Homo sapiens	Metazoa	251	False
P18846	Homo sapiens	Metazoa	271	False
P19419	Homo sapiens	Metazoa	428	False
P20226	Homo sapiens	Metazoa	339	False
P20264	Homo sapiens	Metazoa	500	False
P21291	Homo sapiens	Metazoa	193	False
P24864	Homo sapiens	Metazoa	410	False
P26599	Homo sapiens	Metazoa	557	False
P28356	Homo sapiens	Metazoa	352	False
P30876	Homo sapiens	Metazoa	1174	False
P35659	Homo sapiens	Metazoa	375	False
P37275	Homo sapiens	Metazoa	1124	False
P39880	Homo sapiens	Metazoa	1505	False
P41229	Homo sapiens	Metazoa	1560	False
P42695	Homo sapiens	Metazoa	1498	False
P43694	Homo sapiens	Metazoa	442	False
P46063	Homo sapiens	Metazoa	649	False
P49005	Homo sapiens	Metazoa	469	False
P51449	Homo sapiens	Metazoa	518	False
P51826	Homo sapiens	Metazoa	1226	False
P51965	Homo sapiens	Metazoa	193	False
P52435	Homo sapiens	Metazoa	117	False
P52657	Homo sapiens	Metazoa	109	False
P52756	Homo sapiens	Metazoa	815	False
P52945	Homo sapiens	Metazoa	283	False
P53803	Homo sapiens	Metazoa	58	False
P53999	Homo sapiens	Metazoa	127	False
P55197	Homo sapiens	Metazoa	1068	False
P55771	Homo sapiens	Metazoa	341	False
P56177	Homo sapiens	Metazoa	255	False
P57071	Homo sapiens	Metazoa	1141	False
P58012	Homo sapiens	Metazoa	376	False
P60896	Homo sapiens	Metazoa	70	False
P62875	Homo sapiens	Metazoa	67	False
P84090	Homo sapiens	Metazoa	104	False
P98175	Homo sapiens	Metazoa	930	False
P98182	Homo sapiens	Metazoa	395	False
Q01167	Homo sapiens	Metazoa	660	False
Q01658	Homo sapiens	Metazoa	176	False
Q01664	Homo sapiens	Metazoa	338	False
Q02535	Homo sapiens	Metazoa	119	False
Q03111	Homo sapiens	Metazoa	559	False
Q04724	Homo sapiens	Metazoa	770	False
Q07869	Homo sapiens	Metazoa	468	False
Q08999	Homo sapiens	Metazoa	1139	False
Q0VG06	Homo sapiens	Metazoa	881	False
Q13029	Homo sapiens	Metazoa	1718	False
Q13185	Homo sapiens	Metazoa	183	False
Q13285	Homo sapiens	Metazoa	461	False
Q13422	Homo sapiens	Metazoa	519	False
Q13547	Homo sapiens	Metazoa	482	False
Q13569	Homo sapiens	Metazoa	410	False
Q13888	Homo sapiens	Metazoa	395	False
Q14119	Homo sapiens	Metazoa	521	False
Q14181	Homo sapiens	Metazoa	598	False
Q14190	Homo sapiens	Metazoa	667	False
Q14202	Homo sapiens	Metazoa	1370	False
Q14526	Homo sapiens	Metazoa	733	False
Q14814	Homo sapiens	Metazoa	521	False
Q14CB8	Homo sapiens	Metazoa	494	False
Q15406	Homo sapiens	Metazoa	480	False
Q15427	Homo sapiens	Metazoa	424	False
Q15560	Homo sapiens	Metazoa	299	False
Q15583	Homo sapiens	Metazoa	401	False
Q15596	Homo sapiens	Metazoa	1464	False
Q15843	Homo sapiens	Metazoa	81	False
Q15853	Homo sapiens	Metazoa	346	False
Q16385	Homo sapiens	Metazoa	188	False
Q16670	Homo sapiens	Metazoa	478	False
Q16676	Homo sapiens	Metazoa	465	False
Q2M1K9	Homo sapiens	Metazoa	1284	False
Q2TAY7	Homo sapiens	Metazoa	513	False
Q32MQ0	Homo sapiens	Metazoa	723	False
Q58WW2	Homo sapiens	Metazoa	860	False
Q5VV67	Homo sapiens	Metazoa	1664	False
Q6PJ21	Homo sapiens	Metazoa	355	False
Q6UB99	Homo sapiens	Metazoa	2663	False
Q6UN15	Homo sapiens	Metazoa	594	False
Q6UXN9	Homo sapiens	Metazoa	313	False
Q6VMQ6	Homo sapiens	Metazoa	1270	False
Q6ZN30	Homo sapiens	Metazoa	1099	False
Q7L2J0	Homo sapiens	Metazoa	689	False
Q7Z2Z1	Homo sapiens	Metazoa	1910	False
Q7Z3H4	Homo sapiens	Metazoa	446	False
Q86SE9	Homo sapiens	Metazoa	256	False
Q86SG2	Homo sapiens	Metazoa	305	False
Q86TM3	Homo sapiens	Metazoa	631	False
Q86YN6	Homo sapiens	Metazoa	1023	False
Q8IU81	Homo sapiens	Metazoa	584	False
Q8IY57	Homo sapiens	Metazoa	180	False
Q8IZL9	Homo sapiens	Metazoa	346	False
Q8N100	Homo sapiens	Metazoa	152	False
Q8N9N8	Homo sapiens	Metazoa	165	False
Q8NF64	Homo sapiens	Metazoa	920	False
Q8NFU5	Homo sapiens	Metazoa	416	False
Q8TCE9	Homo sapiens	Metazoa	139	False
Q8WV37	Homo sapiens	Metazoa	535	False
Q8WVB6	Homo sapiens	Metazoa	975	False
Q8WWL7	Homo sapiens	Metazoa	1395	False
Q8WWY6	Homo sapiens	Metazoa	194	False
Q8WXX7	Homo sapiens	Metazoa	1259	False
Q92754	Homo sapiens	Metazoa	450	False
Q93034	Homo sapiens	Metazoa	780	False
Q96CB8	Homo sapiens	Metazoa	462	False
Q96E14	Homo sapiens	Metazoa	147	False
Q96GM5	Homo sapiens	Metazoa	515	False
Q96JM7	Homo sapiens	Metazoa	780	False
Q96LA8	Homo sapiens	Metazoa	375	False
Q96NC0	Homo sapiens	Metazoa	199	False
Q96QE3	Homo sapiens	Metazoa	1844	False
Q96RE9	Homo sapiens	Metazoa	604	False
Q96SD1	Homo sapiens	Metazoa	692	False
Q96T23	Homo sapiens	Metazoa	1441	False
Q96T88	Homo sapiens	Metazoa	793	False
Q99081	Homo sapiens	Metazoa	682	False
Q99590	Homo sapiens	Metazoa	1463	False
Q99592	Homo sapiens	Metazoa	522	False
Q99638	Homo sapiens	Metazoa	391	False
Q99684	Homo sapiens	Metazoa	422	False
Q99728	Homo sapiens	Metazoa	777	False
Q9BQ83	Homo sapiens	Metazoa	275	False
Q9BR39	Homo sapiens	Metazoa	696	False
Q9BT43	Homo sapiens	Metazoa	218	False
Q9BUI4	Homo sapiens	Metazoa	534	False
Q9BV86	Homo sapiens	Metazoa	223	False
Q9BW85	Homo sapiens	Metazoa	323	False
Q9BWT3	Homo sapiens	Metazoa	736	False
Q9BWW7	Homo sapiens	Metazoa	348	False
Q9BWX1	Homo sapiens	Metazoa	381	False
Q9C0F3	Homo sapiens	Metazoa	470	False
Q9GZN2	Homo sapiens	Metazoa	237	False
Q9GZU8	Homo sapiens	Metazoa	254	False
Q9H2W2	Homo sapiens	Metazoa	232	False
Q9H7L9	Homo sapiens	Metazoa	328	False
Q9H7S9	Homo sapiens	Metazoa	590	False
Q9H9D4	Homo sapiens	Metazoa	720	False
Q9HC52	Homo sapiens	Metazoa	389	False
Q9HCD5	Homo sapiens	Metazoa	579	False
Q9NQX1	Homo sapiens	Metazoa	630	False
Q9NRY2	Homo sapiens	Metazoa	104	False
Q9NS39	Homo sapiens	Metazoa	739	False
Q9NWS1	Homo sapiens	Metazoa	579	False
Q9NX70	Homo sapiens	Metazoa	200	False
Q9NXE8	Homo sapiens	Metazoa	425	False
Q9NY74	Homo sapiens	Metazoa	926	False
Q9P013	Homo sapiens	Metazoa	229	False
Q9P2W1	Homo sapiens	Metazoa	217	False
Q9UBU7	Homo sapiens	Metazoa	674	False
Q9UDW3	Homo sapiens	Metazoa	170	False
Q9UGR2	Homo sapiens	Metazoa	977	False
Q9UHF7	Homo sapiens	Metazoa	1281	False
Q9UHJ3	Homo sapiens	Metazoa	866	False
Q9UHL9	Homo sapiens	Metazoa	959	False
Q9UHR5	Homo sapiens	Metazoa	308	False
Q9UHX1	Homo sapiens	Metazoa	559	False
Q9UIL8	Homo sapiens	Metazoa	331	False
Q9UK33	Homo sapiens	Metazoa	172	False
Q9UK99	Homo sapiens	Metazoa	471	False
Q9UKI8	Homo sapiens	Metazoa	766	False
Q9UKL0	Homo sapiens	Metazoa	485	False
Q9UKN8	Homo sapiens	Metazoa	822	False
Q9UKY1	Homo sapiens	Metazoa	873	False
Q9UL17	Homo sapiens	Metazoa	535	False
Q9ULI0	Homo sapiens	Metazoa	1458	False
Q9ULR0	Homo sapiens	Metazoa	285	False
Q9ULV3	Homo sapiens	Metazoa	898	False
Q9UMQ3	Homo sapiens	Metazoa	279	False
Q9UNP9	Homo sapiens	Metazoa	301	False
Q9UPT9	Homo sapiens	Metazoa	525	False
Q9UQ84	Homo sapiens	Metazoa	846	False
Q9Y253	Homo sapiens	Metazoa	713	False
Q9Y2X9	Homo sapiens	Metazoa	895	False
Q9Y333	Homo sapiens	Metazoa	95	False
Q9Y3C6	Homo sapiens	Metazoa	166	False
Q9Y4A5	Homo sapiens	Metazoa	3859	False
Q9Y5J3	Homo sapiens	Metazoa	304	False
Q9Y5N6	Homo sapiens	Metazoa	252	False
Q9Y5X4	Homo sapiens	Metazoa	410	False
Q9Y6X0	Homo sapiens	Metazoa	1596	False
Q13501	Homo sapiens	Metazoa	440	False
O00560	Homo sapiens	Metazoa	298	False
Q5TA50	Homo sapiens	Metazoa	214	False
Q9Y6B6	Homo sapiens	Metazoa	198	False
P32121	Homo sapiens	Metazoa	409	False
Q9HCX4	Homo sapiens	Metazoa	862	False
P09118	Rattus norvegicus	Metazoa	303	False
P0CZ23	Arabidopsis thaliana	Viridiplantae	675	False
P11930	Mus musculus	Metazoa	357	False
P53164	Saccharomyces cerevisiae (strain ATCC 204508 / S288c)	Fungi	384	False
Q08558	Saccharomyces cerevisiae (strain ATCC 204508 / S288c)	Fungi	271	False
Q8VZF1	Arabidopsis thaliana	Viridiplantae	569	False
Q9FUP0	Arabidopsis thaliana	Viridiplantae	391	False
Q9Z2M4	Rattus norvegicus	Metazoa	292	False
Q6IQ55	Homo sapiens	Metazoa	1244	False
O23299	Arabidopsis thaliana	Viridiplantae	240	False
O23722	Arabidopsis thaliana	Viridiplantae	412	False
P07872	Rattus norvegicus	Metazoa	661	False
P11915	Rattus norvegicus	Metazoa	547	False
P32419	Saccharomyces cerevisiae (strain ATCC 204508 / S288c)	Fungi	343	False
P97852	Rattus norvegicus	Metazoa	735	False
Q0J954	Oryza sativa subsp. japonica	Viridiplantae	492	False
Q62924	Rattus norvegicus	Metazoa	1129	False
Q8H191	Arabidopsis thaliana	Viridiplantae	497	False
Q9FK60	Arabidopsis thaliana	Viridiplantae	164	False
A0PJY2	Homo sapiens	Metazoa	475	False
A1L167	Homo sapiens	Metazoa	161	False
A1Z1Q3	Homo sapiens	Metazoa	425	False
A6NKF2	Homo sapiens	Metazoa	412	False
B2RXF5	Homo sapiens	Metazoa	422	False
D6RGH6	Homo sapiens	Metazoa	385	False
O00287	Homo sapiens	Metazoa	272	False
O00308	Homo sapiens	Metazoa	870	False
O00327	Homo sapiens	Metazoa	626	False
O14686	Homo sapiens	Metazoa	5537	False
O14733	Homo sapiens	Metazoa	419	False
O43290	Homo sapiens	Metazoa	800	False
O43313	Homo sapiens	Metazoa	823	False
O43316	Homo sapiens	Metazoa	350	False
O43679	Homo sapiens	Metazoa	373	False
O43680	Homo sapiens	Metazoa	179	False
O43684	Homo sapiens	Metazoa	328	False
O43929	Homo sapiens	Metazoa	436	False
O60293	Homo sapiens	Metazoa	1989	False
O60504	Homo sapiens	Metazoa	671	False
O60563	Homo sapiens	Metazoa	726	False
O75164	Homo sapiens	Metazoa	1064	False
O75478	Homo sapiens	Metazoa	443	False
O75525	Homo sapiens	Metazoa	346	False
O75600	Homo sapiens	Metazoa	419	False
O75603	Homo sapiens	Metazoa	506	False
O75971	Homo sapiens	Metazoa	98	False
O76064	Homo sapiens	Metazoa	485	False
O94782	Homo sapiens	Metazoa	785	False
O94892	Homo sapiens	Metazoa	652	False
O94953	Homo sapiens	Metazoa	1096	False
O95218	Homo sapiens	Metazoa	330	False
O95243	Homo sapiens	Metazoa	580	False
O95409	Homo sapiens	Metazoa	532	False
O95751	Homo sapiens	Metazoa	146	False
O95948	Homo sapiens	Metazoa	504	False
O96019	Homo sapiens	Metazoa	429	False
P06400	Homo sapiens	Metazoa	928	False
P0C1S8	Homo sapiens	Metazoa	567	False
P0C1Z6	Homo sapiens	Metazoa	253	False
P0C7P3	Homo sapiens	Metazoa	912	False
P0DP91	Homo sapiens	Metazoa	1061	False
P10070	Homo sapiens	Metazoa	1586	False
P10242	Homo sapiens	Metazoa	640	False
P10827	Homo sapiens	Metazoa	490	False
P10828	Homo sapiens	Metazoa	461	False
P12755	Homo sapiens	Metazoa	728	False
P13984	Homo sapiens	Metazoa	249	False
P14859	Homo sapiens	Metazoa	743	False
P15036	Homo sapiens	Metazoa	469	False
P15976	Homo sapiens	Metazoa	413	False
P16220	Homo sapiens	Metazoa	327	False
P17010	Homo sapiens	Metazoa	805	False
P17020	Homo sapiens	Metazoa	682	False
P17535	Homo sapiens	Metazoa	347	False
P19387	Homo sapiens	Metazoa	275	False
P19447	Homo sapiens	Metazoa	782	False
P20749	Homo sapiens	Metazoa	454	False
P22415	Homo sapiens	Metazoa	310	False
P23511	Homo sapiens	Metazoa	347	False
P26358	Homo sapiens	Metazoa	1616	False
P27707	Homo sapiens	Metazoa	260	False
P28358	Homo sapiens	Metazoa	340	False
P29692	Homo sapiens	Metazoa	281	False
P31260	Homo sapiens	Metazoa	410	False
P31268	Homo sapiens	Metazoa	230	False
P31942	Homo sapiens	Metazoa	346	False
P36402	Homo sapiens	Metazoa	384	False
P41223	Homo sapiens	Metazoa	144	False
P47902	Homo sapiens	Metazoa	265	False
P47928	Homo sapiens	Metazoa	161	False
P48436	Homo sapiens	Metazoa	509	False
P49640	Homo sapiens	Metazoa	407	False
P49736	Homo sapiens	Metazoa	904	False
P50548	Homo sapiens	Metazoa	548	False
P51452	Homo sapiens	Metazoa	185	False
P51948	Homo sapiens	Metazoa	309	False
P52655	Homo sapiens	Metazoa	376	False
P54278	Homo sapiens	Metazoa	862	False
P54646	Homo sapiens	Metazoa	552	False
P54725	Homo sapiens	Metazoa	363	False
P55317	Homo sapiens	Metazoa	472	False
P56282	Homo sapiens	Metazoa	527	False
P61244	Homo sapiens	Metazoa	160	False
P62487	Homo sapiens	Metazoa	172	False
P62995	Homo sapiens	Metazoa	288	False
P63162	Homo sapiens	Metazoa	240	False
P68400	Homo sapiens	Metazoa	391	False
P78337	Homo sapiens	Metazoa	314	False
Q00444	Homo sapiens	Metazoa	222	False
Q01538	Homo sapiens	Metazoa	1121	False
Q01851	Homo sapiens	Metazoa	419	False
Q02078	Homo sapiens	Metazoa	507	False
Q05481	Homo sapiens	Metazoa	1191	False
Q05925	Homo sapiens	Metazoa	392	False
Q07864	Homo sapiens	Metazoa	2286	False
Q10587	Homo sapiens	Metazoa	303	False
Q12824	Homo sapiens	Metazoa	385	False
Q12857	Homo sapiens	Metazoa	509	False
Q13207	Homo sapiens	Metazoa	712	False
Q13242	Homo sapiens	Metazoa	221	False
Q13243	Homo sapiens	Metazoa	272	False
Q13351	Homo sapiens	Metazoa	362	False
Q13404	Homo sapiens	Metazoa	147	False
Q13415	Homo sapiens	Metazoa	861	False
Q13461	Homo sapiens	Metazoa	319	False
Q13495	Homo sapiens	Metazoa	774	False
Q13595	Homo sapiens	Metazoa	282	False
Q13620	Homo sapiens	Metazoa	913	False
Q13627	Homo sapiens	Metazoa	763	False
Q13887	Homo sapiens	Metazoa	457	False
Q13889	Homo sapiens	Metazoa	308	False
Q14129	Homo sapiens	Metazoa	220	False
Q14153	Homo sapiens	Metazoa	422	False
Q14159	Homo sapiens	Metazoa	915	False
Q14527	Homo sapiens	Metazoa	1009	False
Q14562	Homo sapiens	Metazoa	1220	False
Q14565	Homo sapiens	Metazoa	340	False
Q14872	Homo sapiens	Metazoa	753	False
Q15291	Homo sapiens	Metazoa	538	False
Q15415	Homo sapiens	Metazoa	496	False
Q15542	Homo sapiens	Metazoa	800	False
Q15544	Homo sapiens	Metazoa	211	False
Q15562	Homo sapiens	Metazoa	447	False
Q15696	Homo sapiens	Metazoa	482	False
Q15697	Homo sapiens	Metazoa	407	False
Q15699	Homo sapiens	Metazoa	326	False
Q15723	Homo sapiens	Metazoa	593	False
Q15772	Homo sapiens	Metazoa	3267	False
Q15910	Homo sapiens	Metazoa	746	False
Q15915	Homo sapiens	Metazoa	447	False
Q16254	Homo sapiens	Metazoa	413	False
Q16576	Homo sapiens	Metazoa	425	False
Q16650	Homo sapiens	Metazoa	682	False
Q58F21	Homo sapiens	Metazoa	947	False
Q5M775	Homo sapiens	Metazoa	1068	False
Q5QGS0	Homo sapiens	Metazoa	1516	False
Q5T6S3	Homo sapiens	Metazoa	580	False
Q5VTR2	Homo sapiens	Metazoa	975	False
Q5VUG0	Homo sapiens	Metazoa	894	False
Q5VVJ2	Homo sapiens	Metazoa	828	False
Q6B0I6	Homo sapiens	Metazoa	523	False
Q6DJT9	Homo sapiens	Metazoa	500	False
Q6IEG0	Homo sapiens	Metazoa	339	False
Q6KC79	Homo sapiens	Metazoa	2804	False
Q6PL18	Homo sapiens	Metazoa	1390	False
Q6STE5	Homo sapiens	Metazoa	483	False
Q6W2J9	Homo sapiens	Metazoa	1755	False
Q6ZN18	Homo sapiens	Metazoa	517	False
Q6ZRS2	Homo sapiens	Metazoa	3230	False
Q7L590	Homo sapiens	Metazoa	875	False
Q7LFL8	Homo sapiens	Metazoa	322	False
Q7Z589	Homo sapiens	Metazoa	1322	False
Q7Z6K1	Homo sapiens	Metazoa	395	False
Q86UQ0	Homo sapiens	Metazoa	364	False
Q86UU0	Homo sapiens	Metazoa	1499	False
Q86V15	Homo sapiens	Metazoa	1759	False
Q86WQ0	Homo sapiens	Metazoa	139	False
Q86XK3	Homo sapiens	Metazoa	245	False
Q86YC2	Homo sapiens	Metazoa	1186	False
Q8IXK0	Homo sapiens	Metazoa	858	False
Q8IYW5	Homo sapiens	Metazoa	571	False
Q8N1G1	Homo sapiens	Metazoa	1221	False
Q8N1G2	Homo sapiens	Metazoa	835	False
Q8N201	Homo sapiens	Metazoa	2190	False
Q8N5A5	Homo sapiens	Metazoa	531	False
Q8N5F7	Homo sapiens	Metazoa	415	False
Q8N6I1	Homo sapiens	Metazoa	236	False
Q8N895	Homo sapiens	Metazoa	744	False
Q8N8E2	Homo sapiens	Metazoa	541	False
Q8NB91	Homo sapiens	Metazoa	859	False
Q8NHV9	Homo sapiens	Metazoa	184	False
Q8NHW3	Homo sapiens	Metazoa	353	False
Q8TAD8	Homo sapiens	Metazoa	396	False
Q8TAT5	Homo sapiens	Metazoa	605	False
Q8TCJ0	Homo sapiens	Metazoa	367	False
Q8WTR7	Homo sapiens	Metazoa	871	False
Q8WV22	Homo sapiens	Metazoa	266	False
Q8WVC0	Homo sapiens	Metazoa	666	False
Q8WWQ0	Homo sapiens	Metazoa	1821	False
Q8WYA1	Homo sapiens	Metazoa	636	False
Q92564	Homo sapiens	Metazoa	292	False
Q92731	Homo sapiens	Metazoa	530	False
Q92908	Homo sapiens	Metazoa	595	False
Q92988	Homo sapiens	Metazoa	240	False
Q969G3	Homo sapiens	Metazoa	411	False
Q96BF6	Homo sapiens	Metazoa	587	False
Q96BN2	Homo sapiens	Metazoa	335	False
Q96D98	Homo sapiens	Metazoa	161	False
Q96DI7	Homo sapiens	Metazoa	357	False
Q96I25	Homo sapiens	Metazoa	401	False
Q96JM2	Homo sapiens	Metazoa	2506	False
Q96KM6	Homo sapiens	Metazoa	892	False
Q96KN3	Homo sapiens	Metazoa	472	False
Q96N64	Homo sapiens	Metazoa	755	False
Q96P16	Homo sapiens	Metazoa	312	False
Q96PN7	Homo sapiens	Metazoa	1200	False
Q96SY0	Homo sapiens	Metazoa	518	False
Q96T58	Homo sapiens	Metazoa	3664	False
Q99743	Homo sapiens	Metazoa	824	False
Q99801	Homo sapiens	Metazoa	234	False
Q99958	Homo sapiens	Metazoa	501	False
Q99967	Homo sapiens	Metazoa	270	False
Q9BQ15	Homo sapiens	Metazoa	211	False
Q9BRD0	Homo sapiens	Metazoa	619	False
Q9BS31	Homo sapiens	Metazoa	505	False
Q9BTA9	Homo sapiens	Metazoa	647	False
Q9BTE3	Homo sapiens	Metazoa	642	False
Q9BTL3	Homo sapiens	Metazoa	118	False
Q9BUV0	Homo sapiens	Metazoa	290	False
Q9BV90	Homo sapiens	Metazoa	132	False
Q9BXL8	Homo sapiens	Metazoa	241	False
Q9BXV9	Homo sapiens	Metazoa	100	False
Q9BYE7	Homo sapiens	Metazoa	350	False
Q9BYH8	Homo sapiens	Metazoa	718	False
Q9BYN7	Homo sapiens	Metazoa	854	False
Q9GZU7	Homo sapiens	Metazoa	261	False
Q9H0E9	Homo sapiens	Metazoa	1235	False
Q9H0F5	Homo sapiens	Metazoa	515	False
Q9H1D9	Homo sapiens	Metazoa	316	False
Q9H3D4	Homo sapiens	Metazoa	680	False
Q9H582	Homo sapiens	Metazoa	1327	False
Q9H5J8	Homo sapiens	Metazoa	278	False
Q9H5V7	Homo sapiens	Metazoa	419	False
Q9H5Z6	Homo sapiens	Metazoa	455	False
Q9H875	Homo sapiens	Metazoa	184	False
Q9H9L4	Homo sapiens	Metazoa	492	False
Q9HAN9	Homo sapiens	Metazoa	279	False
Q9HB58	Homo sapiens	Metazoa	689	False
Q9HCK8	Homo sapiens	Metazoa	2581	False
Q9NQV8	Homo sapiens	Metazoa	689	False
Q9NRY7	Homo sapiens	Metazoa	297	False
Q9NSI8	Homo sapiens	Metazoa	373	False
Q9NXX6	Homo sapiens	Metazoa	385	False
Q9NZI7	Homo sapiens	Metazoa	540	False
Q9NZL3	Homo sapiens	Metazoa	707	False
Q9UBC1	Homo sapiens	Metazoa	381	False
Q9UBC3	Homo sapiens	Metazoa	853	False
Q9UGL1	Homo sapiens	Metazoa	1544	False
Q9UHV7	Homo sapiens	Metazoa	2174	False
Q9UIH9	Homo sapiens	Metazoa	416	False
Q9UJL9	Homo sapiens	Metazoa	534	False
Q9UJX5	Homo sapiens	Metazoa	808	False
Q9ULD4	Homo sapiens	Metazoa	1205	False
Q9ULJ3	Homo sapiens	Metazoa	1066	False
Q9UNA4	Homo sapiens	Metazoa	740	False
Q9UNN5	Homo sapiens	Metazoa	650	False
Q9UQR1	Homo sapiens	Metazoa	794	False
Q9Y2Y4	Homo sapiens	Metazoa	487	False
Q9Y468	Homo sapiens	Metazoa	840	False
Q9Y483	Homo sapiens	Metazoa	593	False
Q9Y618	Homo sapiens	Metazoa	2514	False
Q9Y2W7	Homo sapiens	Metazoa	256	False
P49407	Homo sapiens	Metazoa	418	False
P78395	Homo sapiens	Metazoa	509	False
O75386	Homo sapiens	Metazoa	442	False
Q9HD47	Homo sapiens	Metazoa	186	False
O00408	Homo sapiens	Metazoa	941	False
Q9UP65	Homo sapiens	Metazoa	541	False
O43236	Homo sapiens	Metazoa	478	False
A9QM74	Homo sapiens	Metazoa	516	False
O00255	Homo sapiens	Metazoa	610	False
O00358	Homo sapiens	Metazoa	373	False
O14981	Homo sapiens	Metazoa	1849	False
O15042	Homo sapiens	Metazoa	1029	False
O15178	Homo sapiens	Metazoa	435	False
O15205	Homo sapiens	Metazoa	165	False
O15353	Homo sapiens	Metazoa	648	False
O43248	Homo sapiens	Metazoa	304	False
O43364	Homo sapiens	Metazoa	376	False
O43513	Homo sapiens	Metazoa	233	False
O43541	Homo sapiens	Metazoa	496	False
O60671	Homo sapiens	Metazoa	282	False
O75150	Homo sapiens	Metazoa	1001	False
O75446	Homo sapiens	Metazoa	220	False
O75506	Homo sapiens	Metazoa	76	False
O75528	Homo sapiens	Metazoa	432	False
O75529	Homo sapiens	Metazoa	589	False
O75575	Homo sapiens	Metazoa	148	False
O75643	Homo sapiens	Metazoa	2136	False
O94776	Homo sapiens	Metazoa	668	False
O94941	Homo sapiens	Metazoa	541	False
O95365	Homo sapiens	Metazoa	584	False
O95935	Homo sapiens	Metazoa	607	False
O96020	Homo sapiens	Metazoa	404	False
P08048	Homo sapiens	Metazoa	801	False
P08651	Homo sapiens	Metazoa	508	False
P09012	Homo sapiens	Metazoa	282	False
P09016	Homo sapiens	Metazoa	255	False
P0DJD3	Homo sapiens	Metazoa	496	False
P10244	Homo sapiens	Metazoa	700	False
P10914	Homo sapiens	Metazoa	325	False
P14651	Homo sapiens	Metazoa	431	False
P14653	Homo sapiens	Metazoa	301	False
P17014	Homo sapiens	Metazoa	697	False
P17028	Homo sapiens	Metazoa	368	False
P17275	Homo sapiens	Metazoa	347	False
P17481	Homo sapiens	Metazoa	243	False
P18847	Homo sapiens	Metazoa	181	False
P19622	Homo sapiens	Metazoa	333	False
P23025	Homo sapiens	Metazoa	273	False
P23760	Homo sapiens	Metazoa	479	False
P24468	Homo sapiens	Metazoa	414	False
P25208	Homo sapiens	Metazoa	207	False
P29083	Homo sapiens	Metazoa	439	False
P29374	Homo sapiens	Metazoa	1257	False
P30291	Homo sapiens	Metazoa	646	False
P31270	Homo sapiens	Metazoa	313	False
P31273	Homo sapiens	Metazoa	242	False
P31274	Homo sapiens	Metazoa	260	False
P32189	Homo sapiens	Metazoa	559	False
P32243	Homo sapiens	Metazoa	289	False
P32780	Homo sapiens	Metazoa	548	False
P33240	Homo sapiens	Metazoa	577	False
P35244	Homo sapiens	Metazoa	121	False
P35269	Homo sapiens	Metazoa	517	False
P35548	Homo sapiens	Metazoa	267	False
P35716	Homo sapiens	Metazoa	441	False
P38159	Homo sapiens	Metazoa	391	False
P41134	Homo sapiens	Metazoa	155	False
P41161	Homo sapiens	Metazoa	510	False
P41970	Homo sapiens	Metazoa	407	False
P48382	Homo sapiens	Metazoa	616	False
P48552	Homo sapiens	Metazoa	1158	False
P49848	Homo sapiens	Metazoa	677	False
P50539	Homo sapiens	Metazoa	228	False
P52434	Homo sapiens	Metazoa	150	False
P54132	Homo sapiens	Metazoa	1417	False
P55081	Homo sapiens	Metazoa	439	False
P55316	Homo sapiens	Metazoa	489	False
P55318	Homo sapiens	Metazoa	350	False
P56915	Homo sapiens	Metazoa	257	False
P59923	Homo sapiens	Metazoa	1031	False
Q00577	Homo sapiens	Metazoa	322	False
Q01196	Homo sapiens	Metazoa	453	False
Q01543	Homo sapiens	Metazoa	452	False
Q02080	Homo sapiens	Metazoa	365	False
Q02086	Homo sapiens	Metazoa	613	False
Q03060	Homo sapiens	Metazoa	345	False
Q03181	Homo sapiens	Metazoa	441	False
Q03701	Homo sapiens	Metazoa	1054	False
Q03923	Homo sapiens	Metazoa	595	False
Q04726	Homo sapiens	Metazoa	772	False
Q05519	Homo sapiens	Metazoa	484	False
Q06546	Homo sapiens	Metazoa	454	False
Q06710	Homo sapiens	Metazoa	450	False
Q08050	Homo sapiens	Metazoa	763	False
Q10586	Homo sapiens	Metazoa	325	False
Q12948	Homo sapiens	Metazoa	553	False
Q13064	Homo sapiens	Metazoa	507	False
Q13105	Homo sapiens	Metazoa	803	False
Q13156	Homo sapiens	Metazoa	261	False
Q13487	Homo sapiens	Metazoa	334	False
Q13950	Homo sapiens	Metazoa	521	False
Q14807	Homo sapiens	Metazoa	665	False
Q15022	Homo sapiens	Metazoa	739	False
Q15072	Homo sapiens	Metazoa	292	False
Q15327	Homo sapiens	Metazoa	319	False
Q15424	Homo sapiens	Metazoa	915	False
Q16560	Homo sapiens	Metazoa	246	False
Q16587	Homo sapiens	Metazoa	644	False
Q3YBR2	Homo sapiens	Metazoa	411	False
Q53HV7	Homo sapiens	Metazoa	270	False
Q53TQ3	Homo sapiens	Metazoa	1027	False
Q569K4	Homo sapiens	Metazoa	471	False
Q5H9F3	Homo sapiens	Metazoa	1785	False
Q5MJ70	Homo sapiens	Metazoa	313	False
Q5VUA4	Homo sapiens	Metazoa	2279	False
Q5VVY1	Homo sapiens	Metazoa	283	False
Q69YI7	Homo sapiens	Metazoa	327	False
Q6NXG1	Homo sapiens	Metazoa	681	False
Q6P1X5	Homo sapiens	Metazoa	1199	False
Q6P4F7	Homo sapiens	Metazoa	1023	False
Q6UB98	Homo sapiens	Metazoa	2062	False
Q70Z53	Homo sapiens	Metazoa	315	False
Q719H9	Homo sapiens	Metazoa	257	False
Q7RTV0	Homo sapiens	Metazoa	110	False
Q7Z3E1	Homo sapiens	Metazoa	657	False
Q7Z5Q5	Homo sapiens	Metazoa	900	False
Q86XI2	Homo sapiens	Metazoa	1143	False
Q8HWS3	Homo sapiens	Metazoa	928	False
Q8IUR6	Homo sapiens	Metazoa	639	False
Q8IV76	Homo sapiens	Metazoa	773	False
Q8IVW6	Homo sapiens	Metazoa	561	False
Q8IX15	Homo sapiens	Metazoa	550	False
Q8IY92	Homo sapiens	Metazoa	1834	False
Q8N5Y2	Homo sapiens	Metazoa	521	False
Q8NDX5	Homo sapiens	Metazoa	983	False
Q8NFW8	Homo sapiens	Metazoa	434	False
Q8WUA4	Homo sapiens	Metazoa	911	False
Q8WVY7	Homo sapiens	Metazoa	318	False
Q8WXA9	Homo sapiens	Metazoa	508	False
Q8WYA6	Homo sapiens	Metazoa	563	False
Q92698	Homo sapiens	Metazoa	747	False
Q92733	Homo sapiens	Metazoa	491	False
Q92826	Homo sapiens	Metazoa	284	False
Q92917	Homo sapiens	Metazoa	476	False
Q92966	Homo sapiens	Metazoa	411	False
Q92989	Homo sapiens	Metazoa	425	False
Q96AH0	Homo sapiens	Metazoa	204	False
Q96B23	Homo sapiens	Metazoa	404	False
Q96DB2	Homo sapiens	Metazoa	347	False
Q96JB3	Homo sapiens	Metazoa	615	False
Q96JP5	Homo sapiens	Metazoa	570	False
Q96K58	Homo sapiens	Metazoa	619	False
Q96KS0	Homo sapiens	Metazoa	407	False
Q96L50	Homo sapiens	Metazoa	414	False
Q96L73	Homo sapiens	Metazoa	2696	False
Q96LT9	Homo sapiens	Metazoa	517	False
Q96MH2	Homo sapiens	Metazoa	286	False
Q96N77	Homo sapiens	Metazoa	438	False
Q96NB3	Homo sapiens	Metazoa	372	False
Q96PV4	Homo sapiens	Metazoa	448	False
Q96RU7	Homo sapiens	Metazoa	358	False
Q96SI1	Homo sapiens	Metazoa	283	False
Q96T68	Homo sapiens	Metazoa	719	False
Q99504	Homo sapiens	Metazoa	573	False
Q99583	Homo sapiens	Metazoa	582	False
Q99612	Homo sapiens	Metazoa	283	False
Q99929	Homo sapiens	Metazoa	193	False
Q9BQ65	Homo sapiens	Metazoa	265	False
Q9BQ87	Homo sapiens	Metazoa	522	False
Q9BQI6	Homo sapiens	Metazoa	1058	False
Q9BRL6	Homo sapiens	Metazoa	282	False
Q9BSM1	Homo sapiens	Metazoa	259	False
Q9BTK6	Homo sapiens	Metazoa	254	False
Q9BW71	Homo sapiens	Metazoa	556	False
Q9BWJ5	Homo sapiens	Metazoa	86	False
Q9BXY8	Homo sapiens	Metazoa	128	False
Q9BY66	Homo sapiens	Metazoa	1539	False
Q9C0A1	Homo sapiens	Metazoa	2572	False
Q9H147	Homo sapiens	Metazoa	329	False
Q9H2F5	Homo sapiens	Metazoa	836	False
Q9H4I2	Homo sapiens	Metazoa	956	False
Q9H4Q4	Homo sapiens	Metazoa	367	False
Q9H4Z3	Homo sapiens	Metazoa	704	False
Q9HAW0	Homo sapiens	Metazoa	419	False
Q9HB65	Homo sapiens	Metazoa	397	False
Q9HB96	Homo sapiens	Metazoa	536	False
Q9HBE1	Homo sapiens	Metazoa	687	False
Q9HCU8	Homo sapiens	Metazoa	107	False
Q9NPJ6	Homo sapiens	Metazoa	270	False
Q9NQ92	Homo sapiens	Metazoa	184	False
Q9NR55	Homo sapiens	Metazoa	127	False
